"Date","Price","Open","High","Low","Vol.","Change %"
"27-03-2026","1,337.80","1,375.00","1,375.00","1,330.10","2.67M","-2.77%"
"25-03-2026","1,375.90","1,359.70","1,392.70","1,354.80","1.86M","2.36%"
"24-03-2026","1,344.20","1,343.00","1,361.00","1,313.60","3.13M","3.11%"
"23-03-2026","1,303.60","1,350.00","1,350.00","1,293.50","3.36M","-4.53%"
"20-03-2026","1,365.40","1,364.90","1,393.50","1,358.00","4.21M","0.69%"
"19-03-2026","1,356.00","1,377.00","1,379.60","1,350.50","2.16M","-3.27%"
"18-03-2026","1,401.90","1,367.10","1,411.10","1,367.10","1.96M","2.67%"
"17-03-2026","1,365.50","1,379.00","1,379.00","1,351.20","2.61M","-0.61%"
"16-03-2026","1,373.90","1,356.60","1,383.10","1,347.00","3.32M","0.78%"
"13-03-2026","1,363.20","1,388.70","1,390.00","1,354.00","2.69M","-2.03%"
"12-03-2026","1,391.50","1,402.50","1,418.60","1,375.30","2.70M","-1.37%"
"11-03-2026","1,410.80","1,425.00","1,454.90","1,405.70","2.21M","-0.93%"
"10-03-2026","1,424.10","1,450.00","1,470.30","1,416.50","2.71M","0.20%"
"09-03-2026","1,421.30","1,405.00","1,436.10","1,405.00","4.87M","-3.80%"
"06-03-2026","1,477.50","1,489.00","1,497.80","1,470.00","2.58M","-1.45%"
"05-03-2026","1,499.30","1,447.20","1,505.50","1,447.20","3.24M","4.52%"
"04-03-2026","1,434.40","1,435.00","1,450.50","1,409.00","3.39M","-2.44%"
"02-03-2026","1,470.30","1,462.00","1,497.30","1,430.00","4.21M","-3.33%"
"27-02-2026","1,521.00","1,545.00","1,545.10","1,516.20","1.60M","-1.91%"
"26-02-2026","1,550.60","1,537.60","1,554.60","1,526.00","1.35M","1.43%"
"25-02-2026","1,528.70","1,567.00","1,584.00","1,518.50","2.15M","-1.72%"
"24-02-2026","1,555.40","1,553.70","1,564.00","1,536.40","1.36M","-0.03%"
"23-02-2026","1,555.80","1,511.00","1,564.50","1,510.80","3.11M","2.93%"
"20-02-2026","1,511.50","1,513.30","1,529.20","1,505.20","1.13M","-0.12%"
"19-02-2026","1,513.30","1,550.00","1,550.80","1,506.70","984.39K","-2.42%"
"18-02-2026","1,550.80","1,565.00","1,565.00","1,540.00","1.33M","-0.99%"
"17-02-2026","1,566.30","1,545.00","1,576.50","1,535.70","3.17M","1.70%"
"16-02-2026","1,540.10","1,517.50","1,545.50","1,495.30","1.64M","1.39%"
"13-02-2026","1,519.00","1,543.00","1,543.00","1,507.00","1.84M","-1.60%"
"12-02-2026","1,543.70","1,542.10","1,551.00","1,532.50","1.11M","-0.62%"
"11-02-2026","1,553.40","1,554.70","1,559.40","1,539.20","1.36M","-0.08%"
"10-02-2026","1,554.70","1,565.00","1,568.00","1,525.00","1.64M","-0.45%"
"09-02-2026","1,561.70","1,575.90","1,583.90","1,554.50","1.76M","0.71%"
"06-02-2026","1,550.70","1,563.00","1,575.50","1,527.00","4.43M","-1.24%"
"05-02-2026","1,570.20","1,568.00","1,577.70","1,548.60","3.29M","0.15%"
"04-02-2026","1,567.90","1,529.90","1,572.30","1,508.50","6.63M","2.42%"
"03-02-2026","1,530.80","1,477.20","1,537.00","1,477.20","11.98M","9.10%"
"02-02-2026","1,403.10","1,348.00","1,406.00","1,348.00","2.80M","4.33%"
"01-02-2026","1,344.90","1,419.80","1,453.90","1,325.00","1.98M","-5.28%"
"30-01-2026","1,419.80","1,417.80","1,428.50","1,407.00","2.23M","0.14%"
"29-01-2026","1,417.80","1,384.90","1,429.00","1,371.60","3.92M","2.60%"
"28-01-2026","1,381.90","1,373.90","1,384.30","1,363.70","2.94M","1.32%"
"27-01-2026","1,363.90","1,334.30","1,368.30","1,322.00","3.84M","4.24%"
"23-01-2026","1,308.40","1,417.00","1,417.00","1,292.00","6.38M","-7.48%"
"22-01-2026","1,414.20","1,400.00","1,421.70","1,388.50","1.69M","2.58%"
"21-01-2026","1,378.60","1,371.70","1,390.40","1,345.00","2.14M","0.80%"
"20-01-2026","1,367.60","1,409.00","1,412.90","1,359.60","1.80M","-2.52%"
"19-01-2026","1,403.00","1,421.00","1,421.00","1,395.60","1.13M","-1.33%"
"16-01-2026","1,421.90","1,430.00","1,448.00","1,416.10","1.56M","-0.57%"
"14-01-2026","1,430.00","1,429.00","1,438.90","1,423.00","1.28M","0.10%"
"13-01-2026","1,428.60","1,443.50","1,449.00","1,420.00","919.87K","-1.03%"
"12-01-2026","1,443.50","1,435.90","1,447.10","1,403.90","1.54M","0.53%"
"09-01-2026","1,435.90","1,463.00","1,463.00","1,431.00","2.28M","-2.00%"
"08-01-2026","1,465.20","1,468.00","1,489.00","1,460.30","1.97M","-0.01%"
"07-01-2026","1,465.30","1,473.20","1,480.40","1,459.00","2.12M","-0.54%"
"06-01-2026","1,473.20","1,490.00","1,493.00","1,470.70","1.68M","-1.33%"
"05-01-2026","1,493.00","1,488.00","1,496.80","1,479.10","790.04K","0.23%"
"02-01-2026","1,489.50","1,480.10","1,495.00","1,478.30","1.25M","0.57%"
"01-01-2026","1,481.10","1,472.80","1,490.90","1,470.40","981.25K","0.77%"
"31-12-2025","1,469.80","1,468.50","1,475.00","1,461.30","707.06K","0.59%"
"30-12-2025","1,461.20","1,450.00","1,470.50","1,447.30","3.46M","0.47%"
"29-12-2025","1,454.40","1,487.10","1,487.10","1,451.00","1.57M","-2.20%"
"26-12-2025","1,487.10","1,499.60","1,501.40","1,485.00","876.54K","-0.48%"
"24-12-2025","1,494.30","1,503.00","1,507.20","1,492.00","1.32M","0.05%"
"23-12-2025","1,493.60","1,508.70","1,513.80","1,491.20","928.45K","-1.00%"
"22-12-2025","1,508.70","1,497.50","1,515.00","1,497.50","1.12M","0.82%"
"19-12-2025","1,496.40","1,495.00","1,503.70","1,490.70","1.28M","0.05%"
"18-12-2025","1,495.70","1,486.40","1,498.00","1,476.00","683.68K","0.63%"
"17-12-2025","1,486.30","1,494.10","1,500.00","1,479.30","964.35K","-0.85%"
"16-12-2025","1,499.00","1,512.60","1,512.60","1,494.20","1.12M","-0.90%"
"15-12-2025","1,512.60","1,522.80","1,522.80","1,508.10","850.43K","-0.67%"
"12-12-2025","1,522.80","1,512.00","1,527.40","1,509.50","1.15M","1.25%"
"11-12-2025","1,504.00","1,496.00","1,515.00","1,495.00","1.45M","0.39%"
"10-12-2025","1,498.10","1,500.00","1,521.00","1,493.60","1.68M","0.06%"
"09-12-2025","1,497.20","1,476.90","1,499.20","1,460.90","1.33M","1.13%"
"08-12-2025","1,480.50","1,509.40","1,510.90","1,472.60","1.07M","-1.91%"
"05-12-2025","1,509.40","1,504.60","1,514.00","1,493.30","1.14M","0.25%"
"04-12-2025","1,505.60","1,497.70","1,509.10","1,490.20","1.59M","0.53%"
"03-12-2025","1,497.70","1,514.00","1,524.00","1,488.60","1.96M","-1.34%"
"02-12-2025","1,518.10","1,528.10","1,530.00","1,510.00","1.97M","-0.81%"
"01-12-2025","1,530.50","1,530.00","1,549.00","1,523.00","4.06M","0.90%"
"28-11-2025","1,516.90","1,510.00","1,534.30","1,503.10","2.61M","0.52%"
"27-11-2025","1,509.10","1,511.80","1,513.90","1,501.00","861.91K","0.19%"
"26-11-2025","1,506.20","1,484.30","1,523.00","1,484.30","3.99M","1.50%"
"25-11-2025","1,483.90","1,490.00","1,492.40","1,474.50","1.36M","-0.13%"
"24-11-2025","1,485.90","1,482.00","1,490.20","1,471.30","2.49M","0.41%"
"21-11-2025","1,479.80","1,492.00","1,492.30","1,467.10","1.17M","-0.76%"
"20-11-2025","1,491.10","1,500.00","1,505.00","1,487.60","1.46M","0.46%"
"19-11-2025","1,484.20","1,499.00","1,499.50","1,478.00","1.75M","-0.72%"
"18-11-2025","1,495.00","1,518.90","1,518.90","1,490.20","1.82M","-0.84%"
"17-11-2025","1,507.60","1,518.90","1,519.00","1,503.00","1.75M","-0.34%"
"14-11-2025","1,512.70","1,500.00","1,523.60","1,497.00","2.35M","0.91%"
"13-11-2025","1,499.00","1,515.00","1,515.00","1,487.80","2.30M","-0.52%"
"12-11-2025","1,506.90","1,477.00","1,515.00","1,475.50","4.64M","2.20%"
"11-11-2025","1,474.40","1,453.00","1,476.00","1,437.80","2.26M","2.04%"
"10-11-2025","1,444.90","1,452.20","1,463.90","1,441.00","1.16M","-0.23%"
"07-11-2025","1,448.30","1,435.00","1,464.00","1,425.00","2.18M","0.80%"
"06-11-2025","1,436.80","1,452.10","1,466.30","1,434.30","2.75M","-0.53%"
"04-11-2025","1,444.40","1,449.60","1,466.30","1,432.00","3.55M","-0.02%"
"03-11-2025","1,444.70","1,451.50","1,457.40","1,435.30","1.06M","-0.47%"
"31-10-2025","1,451.50","1,457.90","1,461.70","1,443.00","1.14M","-0.44%"
"30-10-2025","1,457.90","1,458.00","1,463.00","1,449.60","1.38M","0.21%"
"29-10-2025","1,454.80","1,424.10","1,464.80","1,421.60","3.58M","2.60%"
"28-10-2025","1,417.90","1,425.90","1,435.00","1,410.00","2.07M","-0.19%"
"27-10-2025","1,420.60","1,429.00","1,429.80","1,410.00","2.28M","-0.59%"
"24-10-2025","1,429.00","1,463.00","1,463.50","1,422.30","1.91M","-1.66%"
"23-10-2025","1,453.10","1,478.80","1,483.50","1,450.30","3.00M","-1.38%"
"21-10-2025","1,473.50","1,477.00","1,481.50","1,470.00","394.02K","0.44%"
"20-10-2025","1,467.00","1,488.00","1,489.00","1,459.10","2.66M","-0.84%"
"17-10-2025","1,479.40","1,479.50","1,489.00","1,462.50","3.29M","-0.01%"
"16-10-2025","1,479.50","1,454.00","1,490.50","1,453.00","6.51M","1.99%"
"15-10-2025","1,450.70","1,430.00","1,456.30","1,430.00","2.68M","1.52%"
"14-10-2025","1,429.00","1,440.00","1,442.20","1,422.00","2.64M","-0.61%"
"13-10-2025","1,437.80","1,400.80","1,441.90","1,396.00","2.25M","2.02%"
"10-10-2025","1,409.40","1,400.50","1,418.00","1,395.70","1.36M","0.99%"
"09-10-2025","1,395.60","1,394.50","1,399.80","1,388.40","1.25M","0.09%"
"08-10-2025","1,394.30","1,399.40","1,411.10","1,386.00","1.70M","-0.37%"
"07-10-2025","1,399.50","1,400.80","1,415.00","1,397.30","1.61M","-0.07%"
"06-10-2025","1,400.50","1,419.10","1,419.10","1,395.00","1.34M","-1.31%"
"03-10-2025","1,419.10","1,413.00","1,431.00","1,412.50","1.58M","-0.25%"
"01-10-2025","1,422.70","1,406.00","1,426.90","1,392.70","1.60M","1.37%"
"30-09-2025","1,403.50","1,389.70","1,408.00","1,387.20","2.00M","1.47%"
"29-09-2025","1,383.20","1,393.60","1,401.30","1,377.60","1.98M","-0.63%"
"26-09-2025","1,392.00","1,407.20","1,416.70","1,390.30","1.90M","-1.08%"
"25-09-2025","1,407.20","1,431.70","1,439.90","1,404.10","1.97M","-1.70%"
"24-09-2025","1,431.60","1,445.00","1,452.40","1,429.10","2.60M","-0.69%"
"23-09-2025","1,441.60","1,453.00","1,455.00","1,423.10","2.55M","-0.18%"
"22-09-2025","1,444.20","1,433.00","1,461.70","1,425.00","5.49M","1.15%"
"19-09-2025","1,427.80","1,447.80","1,460.00","1,425.00","8.07M","1.06%"
"18-09-2025","1,412.80","1,410.00","1,415.00","1,401.00","1.42M","0.48%"
"17-09-2025","1,406.10","1,410.00","1,413.10","1,396.20","1.06M","-0.15%"
"16-09-2025","1,408.20","1,400.00","1,412.60","1,396.60","1.64M","0.93%"
"15-09-2025","1,395.20","1,393.10","1,409.00","1,392.20","1.25M","0.15%"
"12-09-2025","1,393.10","1,395.50","1,406.50","1,391.10","1.47M","0.00%"
"11-09-2025","1,393.10","1,404.90","1,423.10","1,388.00","4.04M","0.29%"
"10-09-2025","1,389.10","1,400.00","1,404.90","1,385.00","2.55M","0.59%"
"09-09-2025","1,380.90","1,354.70","1,385.00","1,348.30","3.52M","2.42%"
"08-09-2025","1,348.30","1,321.90","1,363.40","1,321.90","1.45M","2.00%"
"05-09-2025","1,321.80","1,330.00","1,335.70","1,312.80","1.14M","-0.48%"
"04-09-2025","1,328.20","1,338.00","1,348.00","1,326.00","1.35M","-0.32%"
"03-09-2025","1,332.40","1,338.00","1,344.80","1,327.60","1.77M","-0.28%"
"02-09-2025","1,336.20","1,340.90","1,348.80","1,328.20","1.50M","0.07%"
"01-09-2025","1,335.30","1,318.30","1,338.50","1,316.10","983.91K","1.71%"
"29-08-2025","1,312.80","1,318.00","1,322.90","1,303.00","1.59M","-0.20%"
"28-08-2025","1,315.40","1,316.90","1,338.80","1,311.20","1.79M","0.00%"
"26-08-2025","1,315.40","1,335.20","1,339.90","1,310.00","1.65M","-1.87%"
"25-08-2025","1,340.40","1,341.30","1,348.90","1,332.50","1.21M","-0.06%"
"22-08-2025","1,341.20","1,364.00","1,364.00","1,338.20","1.21M","-1.51%"
"21-08-2025","1,361.80","1,371.10","1,377.80","1,355.30","1.23M","-0.64%"
"20-08-2025","1,370.60","1,369.40","1,374.60","1,358.00","1.59M","0.09%"
"19-08-2025","1,369.40","1,332.00","1,371.70","1,325.00","3.15M","3.18%"
"18-08-2025","1,327.20","1,321.90","1,332.00","1,295.00","10.23M","2.07%"
"14-08-2025","1,300.30","1,324.80","1,329.00","1,290.50","2.30M","-1.46%"
"13-08-2025","1,319.60","1,335.20","1,339.30","1,316.60","1.21M","-0.82%"
"12-08-2025","1,330.50","1,342.00","1,349.60","1,328.20","1.26M","-0.66%"
"11-08-2025","1,339.40","1,325.00","1,348.30","1,313.70","2.05M","1.09%"
"08-08-2025","1,325.00","1,345.40","1,356.90","1,317.70","1.56M","-1.52%"
"07-08-2025","1,345.40","1,351.00","1,357.90","1,315.00","2.86M","-1.59%"
"06-08-2025","1,367.10","1,374.00","1,386.90","1,358.10","2.29M","0.66%"
"05-08-2025","1,358.10","1,392.00","1,394.20","1,346.00","3.00M","-2.22%"
"04-08-2025","1,388.90","1,349.80","1,397.00","1,345.20","1.37M","3.10%"
"01-08-2025","1,347.10","1,371.00","1,375.90","1,342.80","1.24M","-1.89%"
"31-07-2025","1,373.10","1,382.10","1,395.80","1,370.30","1.41M","-1.50%"
"30-07-2025","1,394.00","1,398.80","1,403.10","1,391.50","627.32K","-0.14%"
"29-07-2025","1,395.90","1,376.00","1,398.70","1,373.60","782.76K","1.45%"
"28-07-2025","1,376.00","1,396.30","1,404.10","1,373.50","790.02K","-1.45%"
"25-07-2025","1,396.30","1,411.70","1,416.70","1,390.00","744.41K","-1.08%"
"24-07-2025","1,411.60","1,423.20","1,426.00","1,405.00","598.01K","-0.65%"
"23-07-2025","1,420.80","1,430.00","1,438.50","1,419.00","740.82K","0.01%"
"22-07-2025","1,420.70","1,454.50","1,454.50","1,417.10","976.67K","-2.05%"
"21-07-2025","1,450.50","1,442.10","1,453.10","1,430.00","815.78K","0.51%"
"18-07-2025","1,443.10","1,452.40","1,456.50","1,429.10","1.15M","-0.65%"
"17-07-2025","1,452.50","1,455.00","1,464.00","1,448.90","1.17M","-0.29%"
"16-07-2025","1,456.70","1,447.50","1,474.00","1,442.90","2.49M","0.80%"
"15-07-2025","1,445.10","1,434.40","1,449.30","1,429.00","735.11K","0.84%"
"14-07-2025","1,433.00","1,432.00","1,446.50","1,426.10","718.44K","0.09%"
"11-07-2025","1,431.70","1,444.00","1,453.90","1,428.30","819.86K","-0.79%"
"10-07-2025","1,443.10","1,444.00","1,450.20","1,437.20","1.04M","0.01%"
"09-07-2025","1,443.00","1,448.40","1,455.80","1,438.30","1.01M","-0.38%"
"08-07-2025","1,448.50","1,438.00","1,449.90","1,430.00","824.94K","0.90%"
"07-07-2025","1,435.60","1,424.40","1,437.80","1,417.00","764.52K","0.79%"
"04-07-2025","1,424.40","1,432.00","1,439.90","1,416.60","608.46K","-0.47%"
"03-07-2025","1,431.10","1,444.00","1,451.10","1,426.70","978.01K","-0.89%"
"02-07-2025","1,443.90","1,458.00","1,458.00","1,440.00","1.22M","-0.21%"
"01-07-2025","1,447.00","1,450.30","1,459.80","1,442.00","2.13M","-0.22%"
"30-06-2025","1,450.20","1,440.80","1,453.50","1,432.70","1.59M","0.69%"
"27-06-2025","1,440.20","1,434.90","1,456.80","1,427.00","2.89M","0.76%"
"26-06-2025","1,429.30","1,399.00","1,433.00","1,395.20","2.88M","2.60%"
"25-06-2025","1,393.10","1,399.70","1,404.00","1,385.50","1.92M","0.26%"
"24-06-2025","1,389.50","1,395.10","1,418.70","1,385.10","7.64M","2.56%"
"23-06-2025","1,354.80","1,341.00","1,364.90","1,335.70","3.92M","0.41%"
"20-06-2025","1,349.30","1,338.00","1,356.70","1,334.60","4.54M","0.84%"
"19-06-2025","1,338.00","1,370.50","1,372.60","1,331.60","2.95M","-2.52%"
"18-06-2025","1,372.60","1,387.00","1,395.20","1,365.20","1.73M","-1.41%"
"17-06-2025","1,392.30","1,400.50","1,414.80","1,384.00","1.57M","-0.59%"
"16-06-2025","1,400.60","1,389.00","1,411.20","1,375.00","2.82M","-0.31%"
"13-06-2025","1,405.00","1,405.00","1,423.80","1,397.10","3.38M","-2.82%"
"12-06-2025","1,445.80","1,459.80","1,465.60","1,440.10","2.19M","-0.73%"
"11-06-2025","1,456.40","1,473.80","1,476.00","1,448.80","2.19M","-1.18%"
"10-06-2025","1,473.80","1,472.00","1,494.00","1,469.80","2.13M","0.46%"
"09-06-2025","1,467.10","1,482.00","1,484.00","1,463.10","1.49M","-0.31%"
"06-06-2025","1,471.70","1,456.70","1,478.90","1,453.70","1.27M","1.03%"
"05-06-2025","1,456.70","1,443.80","1,467.70","1,438.00","2.02M","1.43%"
"04-06-2025","1,436.20","1,432.30","1,441.10","1,423.10","1.45M","0.27%"
"03-06-2025","1,432.30","1,470.00","1,472.00","1,426.70","3.68M","-2.43%"
"02-06-2025","1,468.00","1,432.80","1,482.00","1,425.30","3.16M","2.46%"
"30-05-2025","1,432.80","1,442.00","1,457.50","1,428.80","2.58M","-0.40%"
"29-05-2025","1,438.60","1,421.00","1,441.00","1,410.50","1.66M","1.96%"
"28-05-2025","1,411.00","1,405.00","1,427.80","1,403.00","2.04M","0.48%"
"27-05-2025","1,404.20","1,397.00","1,419.00","1,385.40","2.57M","0.29%"
"26-05-2025","1,400.20","1,395.80","1,410.60","1,394.80","1.02M","0.34%"
"23-05-2025","1,395.40","1,383.10","1,398.50","1,375.00","1.72M","1.75%"
"22-05-2025","1,371.40","1,380.10","1,408.00","1,358.60","3.19M","-0.95%"
"21-05-2025","1,384.60","1,380.00","1,391.00","1,370.20","1.99M","0.00%"
"20-05-2025","1,384.60","1,399.00","1,407.30","1,381.40","2.97M","-0.98%"
"19-05-2025","1,398.30","1,407.50","1,410.60","1,392.00","1.32M","-0.65%"
"16-05-2025","1,407.40","1,410.90","1,424.90","1,401.00","2.78M","0.09%"
"15-05-2025","1,406.20","1,375.60","1,409.90","1,371.90","3.71M","2.51%"
"14-05-2025","1,371.80","1,380.00","1,381.90","1,362.00","1.56M","0.19%"
"13-05-2025","1,369.20","1,360.60","1,391.90","1,347.10","3.36M","0.52%"
"12-05-2025","1,362.10","1,360.00","1,375.00","1,345.50","3.66M","4.27%"
"09-05-2025","1,306.30","1,300.00","1,324.90","1,292.60","2.98M","-2.01%"
"08-05-2025","1,333.10","1,340.00","1,366.90","1,316.40","5.08M","-0.38%"
"07-05-2025","1,338.20","1,298.80","1,341.30","1,298.70","3.27M","1.32%"
"06-05-2025","1,320.80","1,350.00","1,356.30","1,315.00","3.60M","-1.95%"
"05-05-2025","1,347.10","1,290.00","1,377.00","1,285.70","14.19M","6.31%"
"02-05-2025","1,267.10","1,255.00","1,295.00","1,242.70","12.02M","4.16%"
"30-04-2025","1,216.50","1,215.10","1,226.50","1,203.90","1.82M","0.01%"
"29-04-2025","1,216.40","1,212.00","1,223.90","1,202.50","2.38M","0.54%"
"28-04-2025","1,209.90","1,188.10","1,214.70","1,184.10","2.65M","1.42%"
"25-04-2025","1,193.00","1,236.30","1,243.40","1,181.20","3.63M","-3.51%"
"24-04-2025","1,236.40","1,238.00","1,248.00","1,231.60","2.13M","-0.22%"
"23-04-2025","1,239.10","1,240.10","1,242.80","1,216.80","2.58M","0.48%"
"22-04-2025","1,233.20","1,249.60","1,255.60","1,227.00","2.93M","-0.80%"
"21-04-2025","1,243.10","1,259.40","1,260.00","1,209.40","6.05M","-1.29%"
"17-04-2025","1,259.40","1,232.90","1,282.50","1,218.60","4.28M","2.15%"
"16-04-2025","1,232.90","1,210.00","1,235.50","1,201.60","1.91M","1.83%"
"15-04-2025","1,210.80","1,200.00","1,225.90","1,179.00","3.18M","3.97%"
"11-04-2025","1,164.55","1,163.00","1,170.30","1,148.00","3.54M","2.89%"
"09-04-2025","1,131.80","1,133.85","1,135.60","1,112.00","1.54M","0.04%"
"08-04-2025","1,131.35","1,135.00","1,155.65","1,111.05","2.42M","1.86%"
"07-04-2025","1,110.65","1,049.95","1,119.00","1,041.50","2.19M","-3.28%"
"04-04-2025","1,148.35","1,196.00","1,200.10","1,143.00","1.79M","-4.30%"
"03-04-2025","1,199.90","1,170.25","1,205.80","1,170.25","1.30M","0.37%"
"02-04-2025","1,195.45","1,182.40","1,198.95","1,167.35","1.23M","1.76%"
"01-04-2025","1,174.75","1,179.00","1,202.00","1,168.05","1.58M","-0.69%"
"28-03-2025","1,182.95","1,197.70","1,205.00","1,175.20","1.67M","-1.15%"
"27-03-2025","1,196.75","1,182.00","1,212.00","1,175.00","2.00M","1.28%"
"26-03-2025","1,181.60","1,183.00","1,202.20","1,173.05","1.68M","-0.07%"
"25-03-2025","1,182.45","1,205.00","1,209.10","1,174.55","2.09M","-1.53%"
"24-03-2025","1,200.80","1,196.00","1,210.85","1,186.05","2.14M","1.01%"
"21-03-2025","1,188.80","1,182.00","1,202.55","1,172.05","3.13M","0.96%"
"20-03-2025","1,177.45","1,185.00","1,186.95","1,161.20","1.92M","0.34%"
"19-03-2025","1,173.50","1,160.00","1,184.50","1,158.80","2.42M","1.27%"
"18-03-2025","1,158.80","1,149.90","1,161.00","1,137.95","1.87M","1.90%"
"17-03-2025","1,137.15","1,114.80","1,148.55","1,111.20","1.49M","1.60%"
"13-03-2025","1,119.20","1,135.00","1,139.45","1,115.05","1.36M","-0.81%"
"12-03-2025","1,128.30","1,139.00","1,155.15","1,105.00","2.84M","-0.59%"
"11-03-2025","1,135.00","1,137.30","1,145.90","1,124.40","2.40M","-0.69%"
"10-03-2025","1,142.90","1,146.00","1,168.65","1,136.95","2.43M","-0.14%"
"07-03-2025","1,144.50","1,136.20","1,156.95","1,134.10","2.21M","0.73%"
"06-03-2025","1,136.20","1,118.20","1,148.75","1,101.85","4.02M","2.11%"
"05-03-2025","1,112.70","1,056.80","1,118.65","1,055.00","3.79M","5.18%"
"04-03-2025","1,057.95","1,047.95","1,063.00","1,036.50","1.79M","0.47%"
"03-03-2025","1,053.05","1,074.95","1,081.00","1,040.60","2.27M","-1.53%"
"28-02-2025","1,069.40","1,074.00","1,082.90","1,059.20","2.85M","-0.89%"
"27-02-2025","1,078.95","1,083.00","1,087.95","1,069.10","1.82M","-0.13%"
"25-02-2025","1,080.35","1,074.60","1,091.40","1,067.75","1.67M","0.93%"
"24-02-2025","1,070.40","1,083.25","1,083.25","1,065.70","1.67M","-1.19%"
"21-02-2025","1,083.25","1,111.70","1,119.10","1,080.00","2.36M","-2.56%"
"20-02-2025","1,111.70","1,074.20","1,126.00","1,074.00","3.71M","2.66%"
"19-02-2025","1,082.85","1,061.60","1,091.70","1,054.55","1.79M","-0.21%"
"18-02-2025","1,085.15","1,082.90","1,087.90","1,061.95","1.72M","0.21%"
"17-02-2025","1,082.90","1,058.95","1,089.30","1,040.00","2.52M","1.90%"
"14-02-2025","1,062.70","1,120.00","1,120.00","1,042.15","4.57M","-4.39%"
"13-02-2025","1,111.55","1,133.80","1,151.65","1,106.05","3.76M","-1.54%"
"12-02-2025","1,128.95","1,140.00","1,144.20","1,098.95","2.86M","-0.98%"
"11-02-2025","1,140.10","1,144.20","1,160.00","1,114.05","4.90M","-0.36%"
"10-02-2025","1,144.20","1,150.00","1,158.85","1,127.25","2.42M","-0.17%"
"07-02-2025","1,146.10","1,160.00","1,175.65","1,132.80","4.08M","-1.54%"
"06-02-2025","1,164.05","1,155.60","1,169.40","1,140.10","6.26M","1.72%"
"05-02-2025","1,144.35","1,126.00","1,154.90","1,123.55","2.98M","1.71%"
"04-02-2025","1,125.10","1,100.00","1,127.90","1,091.75","4.07M","3.71%"
"03-02-2025","1,084.85","1,084.00","1,094.00","1,055.00","3.96M","0.07%"
"01-02-2025","1,084.10","1,105.90","1,117.50","1,063.00","4.92M","-1.39%"
"31-01-2025","1,099.35","1,085.00","1,109.25","1,074.00","4.66M","2.07%"
"30-01-2025","1,077.05","1,103.90","1,118.50","1,010.75","14.10M","-1.81%"
"29-01-2025","1,096.95","1,085.00","1,102.85","1,074.50","4.60M","1.50%"
"28-01-2025","1,080.70","1,087.00","1,096.65","1,061.25","2.40M","-0.12%"
"27-01-2025","1,082.00","1,085.10","1,093.60","1,067.55","2.37M","-1.11%"
"24-01-2025","1,094.15","1,104.15","1,115.00","1,088.25","2.40M","-0.89%"
"23-01-2025","1,104.00","1,102.25","1,114.25","1,089.65","1.97M","0.16%"
"22-01-2025","1,102.25","1,115.50","1,118.05","1,080.45","1.91M","-0.36%"
"21-01-2025","1,106.20","1,150.00","1,154.25","1,104.00","3.13M","-3.70%"
"20-01-2025","1,148.70","1,172.00","1,172.00","1,146.50","1.31M","-1.27%"
"17-01-2025","1,163.50","1,163.00","1,173.65","1,145.50","2.46M","1.11%"
"16-01-2025","1,150.75","1,179.95","1,190.00","1,145.40","4.00M","1.94%"
"15-01-2025","1,128.90","1,125.00","1,141.95","1,118.50","3.14M","1.06%"
"14-01-2025","1,117.10","1,078.85","1,131.40","1,075.05","6.28M","4.73%"
"13-01-2025","1,066.65","1,100.90","1,106.45","1,058.95","2.27M","-4.10%"
"10-01-2025","1,112.20","1,134.90","1,137.40","1,106.30","1.90M","-1.78%"
"09-01-2025","1,132.35","1,156.70","1,156.70","1,129.95","1.88M","-1.73%"
"08-01-2025","1,152.30","1,183.55","1,183.55","1,141.10","2.90M","-1.85%"
"07-01-2025","1,174.00","1,163.05","1,182.15","1,162.05","2.01M","0.94%"
"06-01-2025","1,163.05","1,199.55","1,200.90","1,158.05","2.30M","-3.04%"
"03-01-2025","1,199.55","1,234.50","1,237.60","1,197.00","3.04M","-2.16%"
"02-01-2025","1,226.00","1,223.80","1,228.40","1,208.10","3.77M","0.60%"
"01-01-2025","1,218.70","1,223.00","1,231.80","1,206.35","1.94M","-1.01%"
"31-12-2024","1,231.10","1,222.00","1,236.80","1,208.15","1.72M","1.03%"
"30-12-2024","1,218.50","1,233.75","1,258.80","1,212.00","8.31M","-0.99%"
"27-12-2024","1,230.70","1,248.45","1,250.95","1,225.75","2.60M","-1.07%"
"26-12-2024","1,243.95","1,187.00","1,249.00","1,182.55","3.83M","5.22%"
"24-12-2024","1,182.20","1,198.00","1,203.10","1,180.00","1.38M","-0.81%"
"23-12-2024","1,191.80","1,189.95","1,199.00","1,174.25","1.54M","0.79%"
"20-12-2024","1,182.45","1,205.00","1,215.90","1,176.20","3.05M","-1.87%"
"19-12-2024","1,205.00","1,187.50","1,209.00","1,185.00","1.54M","-0.42%"
"18-12-2024","1,210.05","1,236.00","1,238.90","1,207.25","1.93M","-1.77%"
"17-12-2024","1,231.90","1,235.10","1,259.50","1,229.05","2.68M","-0.90%"
"16-12-2024","1,243.15","1,258.00","1,261.85","1,240.95","1.34M","-1.33%"
"13-12-2024","1,259.95","1,241.95","1,262.00","1,230.00","2.82M","1.28%"
"12-12-2024","1,244.00","1,233.80","1,268.00","1,223.45","5.46M","0.83%"
"11-12-2024","1,233.80","1,254.10","1,258.35","1,230.75","2.60M","-1.20%"
"10-12-2024","1,248.75","1,272.90","1,272.90","1,244.40","2.41M","-1.43%"
"09-12-2024","1,266.85","1,257.80","1,277.55","1,249.00","2.85M","0.62%"
"06-12-2024","1,259.05","1,279.00","1,282.50","1,256.10","2.23M","-1.41%"
"05-12-2024","1,277.05","1,274.00","1,284.80","1,254.20","4.37M","0.59%"
"04-12-2024","1,269.55","1,301.00","1,301.00","1,262.00","4.87M","-1.48%"
"03-12-2024","1,288.65","1,226.95","1,309.50","1,220.00","16.75M","5.99%"
"02-12-2024","1,215.80","1,201.90","1,220.90","1,189.40","6.94M","2.16%"
"29-11-2024","1,190.05","1,175.00","1,215.60","1,168.90","9.41M","1.92%"
"28-11-2024","1,167.60","1,196.65","1,226.90","1,163.15","15.60M","-2.70%"
"27-11-2024","1,199.95","1,102.00","1,231.70","1,102.00","24.43M","6.30%"
"26-11-2024","1,128.85","1,172.05","1,174.45","1,119.35","5.80M","-3.25%"
"25-11-2024","1,166.80","1,185.00","1,191.40","1,139.70","10.53M","2.64%"
"22-11-2024","1,136.75","1,072.60","1,155.90","1,054.00","27.09M","1.98%"
"21-11-2024","1,114.65","1,160.70","1,160.70","995.65","46.93M","-13.57%"
"19-11-2024","1,289.65","1,285.00","1,321.45","1,282.00","2.63M","0.81%"
"18-11-2024","1,279.30","1,264.00","1,288.90","1,261.30","1.45M","1.17%"
"14-11-2024","1,264.55","1,289.95","1,296.65","1,260.65","2.96M","-1.81%"
"13-11-2024","1,287.90","1,322.00","1,329.25","1,284.85","1.44M","-2.87%"
"12-11-2024","1,326.00","1,348.05","1,354.80","1,320.00","1.04M","-1.62%"
"11-11-2024","1,347.90","1,355.10","1,357.95","1,339.05","1.27M","-1.04%"
"08-11-2024","1,362.10","1,353.10","1,367.30","1,338.60","1.40M","0.67%"
"07-11-2024","1,353.10","1,372.95","1,372.95","1,350.00","1.29M","-1.23%"
"06-11-2024","1,370.00","1,330.00","1,382.00","1,315.20","3.65M","3.06%"
"05-11-2024","1,329.35","1,350.00","1,353.05","1,295.90","4.85M","-1.47%"
"04-11-2024","1,349.25","1,394.20","1,395.00","1,336.00","1.70M","-3.24%"
"01-11-2024","1,394.40","1,386.50","1,397.95","1,378.40","243.88K","1.34%"
"31-10-2024","1,375.95","1,407.95","1,408.00","1,372.10","1.89M","-1.45%"
"30-10-2024","1,396.20","1,379.95","1,414.90","1,358.05","2.53M","1.71%"
"29-10-2024","1,372.70","1,364.70","1,377.45","1,322.00","3.79M","1.52%"
"28-10-2024","1,352.20","1,326.85","1,364.10","1,303.15","2.13M","2.54%"
"25-10-2024","1,318.70","1,360.00","1,368.00","1,304.15","2.08M","-2.64%"
"24-10-2024","1,354.40","1,345.00","1,359.00","1,336.20","1.12M","1.04%"
"23-10-2024","1,340.45","1,362.80","1,370.80","1,335.20","1.92M","-1.64%"
"22-10-2024","1,362.85","1,374.70","1,387.10","1,353.90","2.47M","-0.92%"
"21-10-2024","1,375.50","1,409.90","1,412.90","1,371.30","1.64M","-2.14%"
"18-10-2024","1,405.60","1,389.00","1,410.55","1,376.00","1.29M","0.78%"
"17-10-2024","1,394.70","1,403.80","1,408.00","1,387.55","1.42M","-0.65%"
"16-10-2024","1,403.80","1,418.00","1,418.40","1,392.00","1.45M","-1.16%"
"15-10-2024","1,420.30","1,415.95","1,424.70","1,407.00","1.02M","0.71%"
"14-10-2024","1,410.30","1,418.00","1,426.00","1,407.15","762.38K","0.15%"
"11-10-2024","1,408.25","1,415.20","1,426.85","1,405.20","1.16M","-0.63%"
"10-10-2024","1,417.20","1,417.00","1,430.05","1,406.85","1.63M","0.64%"
"09-10-2024","1,408.15","1,424.75","1,432.95","1,404.35","1.51M","-0.73%"
"08-10-2024","1,418.55","1,342.00","1,424.35","1,342.00","3.03M","4.67%"
"07-10-2024","1,355.20","1,410.00","1,423.90","1,337.00","4.53M","-4.14%"
"04-10-2024","1,413.70","1,424.80","1,446.40","1,404.20","2.61M","-0.81%"
"03-10-2024","1,425.20","1,452.75","1,469.00","1,414.20","3.97M","-2.88%"
"01-10-2024","1,467.50","1,448.20","1,472.85","1,448.00","1.69M","1.33%"
"30-09-2024","1,448.20","1,456.70","1,468.75","1,444.00","2.04M","-0.58%"
"27-09-2024","1,456.70","1,485.00","1,485.00","1,452.45","2.69M","-1.08%"
"26-09-2024","1,472.60","1,456.85","1,475.75","1,448.00","2.07M","1.38%"
"25-09-2024","1,452.55","1,459.00","1,464.00","1,438.20","1.23M","-0.28%"
"24-09-2024","1,456.65","1,456.15","1,465.85","1,447.00","1.54M","0.03%"
"23-09-2024","1,456.15","1,448.00","1,458.95","1,443.85","1.14M","1.21%"
"20-09-2024","1,438.70","1,418.95","1,453.05","1,409.20","4.41M","2.17%"
"19-09-2024","1,408.20","1,433.00","1,438.00","1,394.45","2.07M","-1.44%"
"18-09-2024","1,428.80","1,430.00","1,439.25","1,415.05","1.42M","0.15%"
"17-09-2024","1,426.60","1,442.80","1,445.00","1,420.10","1.32M","-0.98%"
"16-09-2024","1,440.70","1,455.10","1,461.15","1,438.80","1.67M","-0.79%"
"13-09-2024","1,452.10","1,472.95","1,475.65","1,450.00","1.68M","-1.39%"
"12-09-2024","1,472.60","1,444.00","1,475.00","1,440.20","4.00M","2.94%"
"11-09-2024","1,430.60","1,454.95","1,457.85","1,425.10","1.64M","-1.57%"
"10-09-2024","1,453.40","1,439.00","1,464.00","1,435.00","1.54M","1.22%"
"09-09-2024","1,435.90","1,431.00","1,441.60","1,411.00","1.62M","-0.45%"
"06-09-2024","1,442.40","1,465.60","1,468.75","1,427.55","3.34M","-1.58%"
"05-09-2024","1,465.55","1,476.75","1,476.80","1,463.00","959.96K","-0.44%"
"04-09-2024","1,472.10","1,472.00","1,475.15","1,461.05","1.12M","-0.50%"
"03-09-2024","1,479.55","1,494.50","1,498.10","1,476.60","882.48K","-1.00%"
"02-09-2024","1,494.50","1,490.00","1,499.50","1,478.80","2.05M","0.85%"
"30-08-2024","1,481.90","1,480.95","1,487.00","1,466.00","2.00M","0.40%"
"29-08-2024","1,476.05","1,472.05","1,483.00","1,452.60","3.36M","0.43%"
"28-08-2024","1,469.80","1,479.40","1,486.40","1,467.00","1.23M","-0.58%"
"27-08-2024","1,478.35","1,484.90","1,496.90","1,475.60","910.06K","-0.28%"
"26-08-2024","1,482.55","1,495.50","1,497.00","1,480.00","1.09M","-0.59%"
"23-08-2024","1,491.30","1,493.00","1,503.00","1,486.10","1.18M","-0.07%"
"22-08-2024","1,492.30","1,507.00","1,509.50","1,490.40","1.44M","-0.74%"
"21-08-2024","1,503.50","1,499.10","1,517.00","1,492.55","1.55M","0.73%"
"20-08-2024","1,492.55","1,504.95","1,510.00","1,486.30","990.64K","-0.26%"
"19-08-2024","1,496.45","1,500.95","1,507.00","1,490.00","1.34M","0.20%"
"16-08-2024","1,493.45","1,471.20","1,497.20","1,457.05","1.99M","2.15%"
"14-08-2024","1,461.95","1,488.00","1,488.00","1,452.00","2.65M","-1.45%"
"13-08-2024","1,483.45","1,505.85","1,517.45","1,479.50","2.49M","-1.20%"
"12-08-2024","1,501.40","1,500.00","1,524.25","1,457.35","9.23M","-2.11%"
"09-08-2024","1,533.80","1,541.50","1,543.50","1,519.00","1.50M","0.97%"
"08-08-2024","1,519.00","1,538.00","1,556.00","1,513.80","2.47M","-1.61%"
"07-08-2024","1,543.80","1,520.00","1,547.85","1,514.20","2.26M","3.33%"
"06-08-2024","1,494.10","1,524.90","1,539.75","1,488.10","3.16M","0.02%"
"05-08-2024","1,493.85","1,540.00","1,563.45","1,471.55","7.15M","-5.93%"
"02-08-2024","1,588.00","1,579.95","1,599.70","1,550.20","4.31M","-0.14%"
"01-08-2024","1,590.15","1,580.95","1,604.95","1,568.50","7.16M","1.29%"
"31-07-2024","1,569.90","1,557.00","1,577.90","1,547.00","2.62M","1.53%"
"30-07-2024","1,546.25","1,554.60","1,556.90","1,536.00","2.80M","-0.16%"
"29-07-2024","1,548.70","1,547.90","1,559.00","1,540.00","1.93M","0.39%"
"26-07-2024","1,542.75","1,495.90","1,547.90","1,490.00","4.50M","3.75%"
"25-07-2024","1,487.00","1,471.00","1,499.45","1,466.85","2.21M","0.15%"
"24-07-2024","1,484.80","1,508.00","1,513.55","1,480.00","2.20M","-1.50%"
"23-07-2024","1,507.35","1,468.00","1,517.00","1,419.00","5.99M","2.73%"
"22-07-2024","1,467.35","1,470.00","1,475.00","1,442.55","1.72M","-0.13%"
"19-07-2024","1,469.30","1,492.55","1,502.20","1,465.50","2.57M","-1.65%"
"18-07-2024","1,493.90","1,490.00","1,504.25","1,472.20","3.26M","-0.34%"
"16-07-2024","1,499.05","1,496.00","1,510.60","1,493.25","2.17M","0.27%"
"15-07-2024","1,495.05","1,494.00","1,505.00","1,485.30","1.91M","0.56%"
"12-07-2024","1,486.70","1,490.00","1,497.00","1,481.15","2.02M","0.19%"
"11-07-2024","1,483.85","1,495.00","1,498.50","1,477.90","1.77M","-0.27%"
"10-07-2024","1,487.80","1,492.00","1,494.45","1,460.00","2.08M","0.66%"
"09-07-2024","1,478.00","1,480.00","1,503.95","1,475.00","2.26M","0.18%"
"08-07-2024","1,475.30","1,496.00","1,501.05","1,469.00","2.18M","-1.68%"
"05-07-2024","1,500.45","1,508.00","1,509.50","1,493.90","2.11M","-0.21%"
"04-07-2024","1,503.65","1,514.65","1,520.00","1,494.35","2.98M","-0.46%"
"03-07-2024","1,510.65","1,479.80","1,514.00","1,470.80","4.44M","2.43%"
"02-07-2024","1,474.85","1,479.50","1,489.60","1,455.05","5.37M","0.02%"
"01-07-2024","1,474.50","1,483.00","1,491.40","1,471.60","3.37M","-0.24%"
"28-06-2024","1,478.10","1,480.00","1,494.00","1,445.00","11.53M","-0.50%"
"27-06-2024","1,485.50","1,475.60","1,494.00","1,459.00","7.80M","1.21%"
"26-06-2024","1,467.80","1,458.90","1,474.50","1,451.05","3.22M","0.80%"
"25-06-2024","1,456.15","1,466.15","1,468.90","1,437.00","3.34M","-0.28%"
"24-06-2024","1,460.25","1,474.85","1,479.65","1,450.20","3.01M","-1.70%"
"21-06-2024","1,485.50","1,479.95","1,498.90","1,470.00","25.89M","1.10%"
"20-06-2024","1,469.40","1,459.30","1,476.80","1,444.10","4.91M","1.45%"
"19-06-2024","1,448.40","1,446.00","1,452.00","1,420.45","4.48M","0.24%"
"18-06-2024","1,445.00","1,447.00","1,458.60","1,434.05","5.65M","1.00%"
"14-06-2024","1,430.70","1,409.00","1,442.00","1,395.45","5.65M","1.87%"
"13-06-2024","1,404.45","1,403.60","1,411.00","1,388.05","2.84M","0.75%"
"12-06-2024","1,393.95","1,411.75","1,414.45","1,390.60","3.26M","-0.68%"
"11-06-2024","1,403.45","1,391.00","1,418.80","1,384.05","4.12M","1.40%"
"10-06-2024","1,384.05","1,404.00","1,415.35","1,381.25","4.84M","0.38%"
"07-06-2024","1,378.85","1,357.70","1,385.00","1,355.05","5.88M","1.91%"
"06-06-2024","1,352.95","1,384.00","1,404.00","1,344.80","12.15M","-0.12%"
"05-06-2024","1,354.60","1,281.00","1,368.00","1,160.60","20.88M","8.46%"
"04-06-2024","1,248.95","1,558.00","1,558.00","1,188.00","52.11M","-21.15%"
"03-06-2024","1,583.95","1,549.00","1,621.40","1,535.00","23.40M","10.20%"
"31-05-2024","1,437.40","1,391.00","1,451.00","1,391.00","8.24M","3.90%"
"30-05-2024","1,383.50","1,410.00","1,413.65","1,373.65","3.48M","-1.88%"
"29-05-2024","1,410.00","1,406.00","1,427.85","1,382.90","3.21M","0.68%"
"28-05-2024","1,400.50","1,438.00","1,438.00","1,398.00","4.07M","-2.18%"
"27-05-2024","1,431.65","1,445.00","1,457.05","1,423.60","5.52M","1.10%"
"24-05-2024","1,416.10","1,435.00","1,444.95","1,382.15","19.10M","-1.89%"
"23-05-2024","1,443.35","1,384.00","1,448.80","1,369.90","7.82M","4.73%"
"22-05-2024","1,378.20","1,394.35","1,394.35","1,364.20","1.88M","-0.53%"
"21-05-2024","1,385.50","1,344.00","1,398.80","1,333.00","4.20M","3.38%"
"18-05-2024","1,340.20","1,342.00","1,345.20","1,335.10","192.53K","0.34%"
"17-05-2024","1,335.70","1,330.00","1,343.30","1,321.15","1.95M","-0.70%"
"16-05-2024","1,345.05","1,352.20","1,366.75","1,310.50","4.82M","0.54%"
"15-05-2024","1,337.85","1,337.85","1,353.95","1,333.00","2.19M","0.50%"
"14-05-2024","1,331.25","1,306.40","1,339.90","1,285.25","2.99M","1.90%"
"13-05-2024","1,306.40","1,267.00","1,313.00","1,261.65","2.50M","3.13%"
"10-05-2024","1,266.75","1,250.00","1,278.70","1,245.75","2.02M","1.78%"
"09-05-2024","1,244.55","1,279.00","1,285.80","1,240.00","2.59M","-2.56%"
"08-05-2024","1,277.25","1,293.35","1,293.70","1,269.05","1.63M","-0.81%"
"07-05-2024","1,287.65","1,291.10","1,301.15","1,265.00","3.47M","-0.18%"
"06-05-2024","1,289.95","1,322.50","1,322.50","1,257.00","4.00M","-2.30%"
"03-05-2024","1,320.30","1,353.00","1,354.00","1,310.45","3.53M","-1.38%"
"02-05-2024","1,338.80","1,333.95","1,348.70","1,306.55","7.99M","1.05%"
"30-04-2024","1,324.90","1,323.55","1,334.65","1,316.25","2.32M","0.58%"
"29-04-2024","1,317.25","1,334.30","1,335.75","1,307.00","2.19M","-0.55%"
"26-04-2024","1,324.60","1,340.00","1,341.60","1,321.10","2.57M","-0.45%"
"25-04-2024","1,330.55","1,320.50","1,336.95","1,316.80","6.10M","0.76%"
"24-04-2024","1,320.50","1,331.00","1,332.90","1,318.05","2.55M","-0.12%"
"23-04-2024","1,322.10","1,321.10","1,338.55","1,318.90","3.85M","0.08%"
"22-04-2024","1,321.10","1,321.10","1,331.00","1,315.00","8.90M","0.85%"
"19-04-2024","1,310.00","1,280.00","1,316.00","1,270.00","3.90M","1.12%"
"18-04-2024","1,295.55","1,315.95","1,336.50","1,291.00","6.22M","-0.67%"
"16-04-2024","1,304.35","1,302.00","1,322.00","1,294.40","2.70M","-0.85%"
"15-04-2024","1,315.55","1,320.00","1,335.00","1,308.60","3.37M","-2.13%"
"12-04-2024","1,344.20","1,350.00","1,358.40","1,341.00","2.18M","-0.60%"
"10-04-2024","1,352.30","1,359.00","1,359.90","1,348.20","3.98M","-0.31%"
"09-04-2024","1,356.50","1,356.15","1,364.90","1,346.10","1.94M","0.58%"
"08-04-2024","1,348.65","1,381.95","1,381.95","1,337.00","14.04M","-1.96%"
"05-04-2024","1,375.55","1,367.00","1,381.90","1,357.35","1.85M","0.64%"
"04-04-2024","1,366.85","1,408.60","1,408.60","1,362.25","4.20M","-2.17%"
"03-04-2024","1,397.20","1,399.85","1,402.00","1,389.20","2.73M","-0.49%"
"02-04-2024","1,404.15","1,397.80","1,424.95","1,388.20","5.77M","2.05%"
"01-04-2024","1,375.90","1,356.80","1,381.75","1,350.25","3.25M","2.54%"
"28-03-2024","1,341.85","1,334.00","1,358.70","1,314.00","4.19M","1.44%"
"27-03-2024","1,322.80","1,315.00","1,343.00","1,312.10","4.94M","1.43%"
"26-03-2024","1,304.20","1,281.60","1,314.00","1,281.00","3.61M","1.76%"
"22-03-2024","1,281.60","1,262.45","1,289.10","1,255.05","3.08M","1.52%"
"21-03-2024","1,262.45","1,260.00","1,268.70","1,251.30","3.16M","1.37%"
"20-03-2024","1,245.40","1,248.00","1,252.95","1,230.20","2.77M","0.34%"
"19-03-2024","1,241.20","1,271.05","1,272.85","1,237.25","2.31M","-2.01%"
"18-03-2024","1,266.60","1,250.00","1,270.05","1,227.25","4.86M","-1.28%"
"15-03-2024","1,283.00","1,273.80","1,288.85","1,256.65","4.02M","1.19%"
"14-03-2024","1,267.85","1,210.00","1,276.00","1,195.70","7.20M","4.82%"
"13-03-2024","1,209.55","1,307.00","1,308.00","1,188.10","8.67M","-7.05%"
"12-03-2024","1,301.30","1,335.00","1,346.95","1,293.45","3.14M","-1.93%"
"11-03-2024","1,326.95","1,331.00","1,342.35","1,322.05","2.22M","0.11%"
"07-03-2024","1,325.45","1,329.80","1,335.35","1,315.00","1.64M","0.05%"
"06-03-2024","1,324.80","1,342.70","1,344.60","1,304.00","2.76M","-1.01%"
"05-03-2024","1,338.30","1,344.05","1,354.95","1,334.00","1.82M","-0.32%"
"04-03-2024","1,342.60","1,345.25","1,356.55","1,336.40","2.17M","0.32%"
"02-03-2024","1,338.30","1,327.60","1,346.90","1,325.05","386.49K","1.23%"
"01-03-2024","1,322.10","1,335.00","1,349.00","1,312.40","3.30M","0.12%"
"29-02-2024","1,320.50","1,300.00","1,329.90","1,293.05","2.67M","1.62%"
"28-02-2024","1,299.50","1,334.50","1,334.90","1,295.15","2.12M","-2.25%"
"27-02-2024","1,329.45","1,336.85","1,339.20","1,314.25","2.20M","-0.65%"
"26-02-2024","1,338.15","1,320.00","1,343.00","1,316.75","2.80M","1.32%"
"23-02-2024","1,320.70","1,312.05","1,332.00","1,298.00","2.92M","0.74%"
"22-02-2024","1,310.95","1,296.00","1,317.00","1,281.00","2.56M","1.55%"
"21-02-2024","1,291.00","1,304.80","1,315.00","1,281.45","2.77M","-0.73%"
"20-02-2024","1,300.50","1,311.00","1,312.90","1,293.70","1.86M","-0.50%"
"19-02-2024","1,307.00","1,313.40","1,327.00","1,302.15","2.70M","0.01%"
"16-02-2024","1,306.85","1,269.80","1,311.00","1,265.55","5.48M","3.14%"
"15-02-2024","1,267.05","1,275.00","1,277.55","1,262.10","3.38M","-0.06%"
"14-02-2024","1,267.85","1,261.95","1,281.55","1,248.65","3.38M","0.24%"
"13-02-2024","1,264.80","1,249.95","1,271.00","1,226.65","2.25M","1.24%"
"12-02-2024","1,249.35","1,278.00","1,279.75","1,243.90","2.20M","-1.74%"
"09-02-2024","1,271.50","1,252.60","1,275.50","1,232.10","3.54M","2.11%"
"08-02-2024","1,245.20","1,264.05","1,264.50","1,236.75","3.35M","-0.83%"
"07-02-2024","1,255.65","1,280.00","1,286.35","1,252.15","3.36M","-1.37%"
"06-02-2024","1,273.10","1,266.00","1,284.60","1,248.85","4.41M","1.16%"
"05-02-2024","1,258.55","1,269.50","1,291.25","1,248.85","5.61M","-0.23%"
"02-02-2024","1,261.45","1,233.05","1,287.50","1,231.70","10.45M","3.50%"
"01-02-2024","1,218.85","1,213.60","1,239.50","1,200.30","7.43M","0.93%"
"31-01-2024","1,207.65","1,195.80","1,214.25","1,191.65","5.51M","1.71%"
"30-01-2024","1,187.35","1,200.00","1,217.20","1,181.00","4.68M","-0.78%"
"29-01-2024","1,196.65","1,155.00","1,204.90","1,151.00","6.77M","4.39%"
"25-01-2024","1,146.30","1,122.15","1,155.75","1,111.60","4.31M","2.29%"
"24-01-2024","1,120.60","1,138.00","1,146.75","1,118.35","18.37M","-1.45%"
"23-01-2024","1,137.10","1,199.15","1,207.20","1,130.25","7.20M","-4.69%"
"20-01-2024","1,193.00","1,158.90","1,198.75","1,150.00","2.52M","3.52%"
"19-01-2024","1,152.45","1,162.25","1,166.80","1,150.00","2.73M","-0.14%"
"18-01-2024","1,154.05","1,171.05","1,184.30","1,143.45","5.92M","-1.10%"
"17-01-2024","1,166.85","1,180.00","1,204.70","1,159.45","5.27M","-2.22%"
"16-01-2024","1,193.35","1,203.60","1,212.00","1,186.80","3.17M","-0.81%"
"15-01-2024","1,203.10","1,214.00","1,215.35","1,189.10","2.83M","-0.33%"
"12-01-2024","1,207.10","1,210.40","1,218.75","1,201.05","3.91M","0.34%"
"11-01-2024","1,202.95","1,221.00","1,223.60","1,200.00","3.72M","-0.94%"
"10-01-2024","1,214.35","1,220.00","1,220.00","1,197.00","7.04M","1.44%"
"09-01-2024","1,197.10","1,182.00","1,229.90","1,178.50","14.70M","2.42%"
"08-01-2024","1,168.85","1,160.00","1,182.00","1,152.00","8.76M","1.26%"
"05-01-2024","1,154.25","1,129.10","1,160.00","1,125.40","10.62M","2.76%"
"04-01-2024","1,123.20","1,117.00","1,131.00","1,103.55","9.77M","2.65%"
"03-01-2024","1,094.25","1,105.00","1,144.00","1,062.75","33.06M","1.47%"
"02-01-2024","1,078.40","1,047.85","1,082.90","1,031.10","6.34M","2.92%"
"01-01-2024","1,047.85","1,026.55","1,057.95","1,023.00","3.99M","2.29%"
"29-12-2023","1,024.35","1,021.80","1,034.90","1,017.60","2.43M","0.73%"
"28-12-2023","1,016.95","1,029.55","1,031.20","1,014.65","4.87M","-0.73%"
"27-12-2023","1,024.40","1,037.00","1,037.05","1,018.00","2.80M","-0.42%"
"26-12-2023","1,028.75","1,034.10","1,041.00","1,026.10","2.18M","0.12%"
"22-12-2023","1,027.50","1,034.00","1,050.95","1,019.00","5.25M","0.84%"
"21-12-2023","1,018.95","996.15","1,028.00","989.25","5.35M","0.67%"
"20-12-2023","1,012.15","1,078.00","1,083.85","1,005.00","8.47M","-5.76%"
"19-12-2023","1,074.00","1,095.00","1,099.00","1,068.60","5.99M","-1.86%"
"18-12-2023","1,094.30","1,079.00","1,102.40","1,072.75","5.45M","1.46%"
"15-12-2023","1,078.55","1,079.00","1,086.50","1,067.05","11.67M","0.36%"
"14-12-2023","1,074.70","1,080.00","1,089.90","1,063.00","8.00M","1.05%"
"13-12-2023","1,063.50","1,045.00","1,075.00","1,028.80","8.15M","2.07%"
"12-12-2023","1,041.95","1,037.05","1,048.45","1,023.25","4.90M","0.97%"
"11-12-2023","1,031.90","1,026.80","1,048.00","1,015.65","7.89M","0.87%"
"08-12-2023","1,022.95","1,048.00","1,055.00","992.30","12.20M","-1.61%"
"07-12-2023","1,039.65","1,029.00","1,058.75","1,021.65","14.84M","2.13%"
"06-12-2023","1,017.95","1,045.00","1,082.50","1,008.10","41.01M","0.48%"
"05-12-2023","1,013.10","884.00","1,024.30","880.00","46.56M","15.30%"
"04-12-2023","878.65","865.00","883.35","858.50","11.06M","6.14%"
"01-12-2023","827.80","839.20","839.20","825.50","2.93M","0.28%"
"30-11-2023","825.50","839.00","839.00","823.00","6.00M","-1.20%"
"29-11-2023","835.55","850.00","850.00","833.30","8.06M","-0.26%"
"28-11-2023","837.70","806.00","854.40","806.00","15.93M","5.30%"
"24-11-2023","795.55","795.90","802.95","785.00","4.42M","0.31%"
"23-11-2023","793.10","795.00","804.70","791.45","3.78M","0.15%"
"22-11-2023","791.90","804.00","804.95","788.55","3.21M","-1.18%"
"21-11-2023","801.35","805.00","814.90","799.30","3.64M","-0.28%"
"20-11-2023","803.60","810.05","816.00","801.10","3.23M","-0.80%"
"17-11-2023","810.05","811.70","821.95","809.05","3.22M","-0.44%"
"16-11-2023","813.60","814.40","818.40","808.10","1.69M","0.35%"
"15-11-2023","810.75","818.00","818.00","809.05","1.69M","0.11%"
"13-11-2023","809.85","810.00","828.00","807.50","1.05M","-0.22%"
"12-11-2023","811.60","816.70","816.70","811.00","265.15K","0.37%"
"10-11-2023","808.60","808.00","818.80","806.20","3.90M","0.30%"
"09-11-2023","806.20","825.00","827.70","798.10","4.98M","-1.53%"
"08-11-2023","818.70","802.00","823.80","800.05","5.12M","2.65%"
"07-11-2023","797.55","803.00","808.40","796.00","2.39M","-0.62%"
"06-11-2023","802.50","801.50","806.25","799.30","2.27M","0.89%"
"03-11-2023","795.40","780.00","798.80","777.30","4.31M","2.73%"
"02-11-2023","774.30","776.90","783.50","772.05","1.74M","0.68%"
"01-11-2023","769.10","784.75","790.50","767.20","2.69M","-1.99%"
"31-10-2023","784.75","789.80","791.10","782.50","2.83M","-0.03%"
"30-10-2023","785.00","785.90","794.40","779.80","3.52M","0.33%"
"27-10-2023","782.40","774.90","786.40","773.05","3.00M","1.56%"
"26-10-2023","770.35","764.00","771.80","754.50","3.86M","0.16%"
"25-10-2023","769.10","772.50","783.35","761.05","2.58M","-0.30%"
"23-10-2023","771.45","793.65","795.80","769.90","2.00M","-2.80%"
"20-10-2023","793.65","791.80","803.00","788.65","2.43M","0.10%"
"19-10-2023","792.85","796.75","797.30","787.45","2.86M","-0.72%"
"18-10-2023","798.60","808.95","809.05","795.40","2.27M","-0.81%"
"17-10-2023","805.10","812.00","814.40","804.00","2.16M","-0.07%"
"16-10-2023","805.65","818.50","818.50","803.25","2.66M","-1.00%"
"13-10-2023","813.75","812.00","824.80","805.85","3.80M","-0.15%"
"12-10-2023","814.95","818.55","823.25","812.55","2.56M","0.01%"
"11-10-2023","814.85","827.40","827.40","812.35","3.28M","-0.57%"
"10-10-2023","819.50","800.55","823.70","800.55","7.59M","3.73%"
"09-10-2023","790.05","815.00","818.80","785.00","5.99M","-4.90%"
"06-10-2023","830.75","830.00","836.50","826.40","1.88M","0.67%"
"05-10-2023","825.20","830.85","832.00","820.25","2.08M","0.07%"
"04-10-2023","824.60","830.95","845.45","819.35","4.10M","-0.82%"
"03-10-2023","831.40","826.00","836.75","824.25","2.45M","0.76%"
"29-09-2023","825.15","826.50","832.50","822.30","1.47M","0.25%"
"28-09-2023","823.10","833.25","841.35","819.15","5.06M","-0.91%"
"27-09-2023","830.70","825.80","833.00","821.50","2.46M","1.14%"
"26-09-2023","821.35","826.10","831.00","819.00","1.57M","-0.52%"
"25-09-2023","825.65","828.70","831.70","818.95","2.40M","-0.17%"
"22-09-2023","827.05","833.90","838.70","822.10","3.16M","-0.49%"
"21-09-2023","831.10","821.15","842.40","820.00","6.44M","1.60%"
"20-09-2023","818.05","832.00","837.60","815.00","3.02M","-1.59%"
"18-09-2023","831.25","848.05","848.05","828.15","2.80M","-1.70%"
"15-09-2023","845.65","846.00","854.60","841.50","4.01M","-0.49%"
"14-09-2023","849.80","854.05","857.85","841.00","6.23M","0.01%"
"13-09-2023","849.70","859.00","867.20","843.15","7.18M","-1.05%"
"12-09-2023","858.75","889.50","889.50","853.05","8.04M","-2.69%"
"11-09-2023","882.45","840.00","887.20","835.00","20.64M","6.96%"
"08-09-2023","825.00","810.90","828.80","810.15","11.68M","1.86%"
"07-09-2023","809.90","809.70","812.95","805.05","9.79M","0.35%"
"06-09-2023","807.05","806.00","808.50","800.45","6.73M","0.26%"
"05-09-2023","804.95","805.00","810.90","797.50","10.48M","0.49%"
"04-09-2023","801.05","807.55","811.75","795.55","12.52M","0.19%"
"01-09-2023","799.50","780.00","808.00","779.65","11.90M","0.92%"
"31-08-2023","792.20","803.90","810.90","787.70","10.00M","-3.24%"
"30-08-2023","818.70","828.00","833.00","816.60","8.59M","-0.59%"
"29-08-2023","823.55","809.50","830.80","800.05","5.94M","1.99%"
"28-08-2023","807.45","816.00","824.00","798.50","5.07M","0.11%"
"25-08-2023","806.60","823.00","830.40","803.50","4.44M","-1.92%"
"24-08-2023","822.35","834.00","844.40","820.20","4.69M","-0.41%"
"23-08-2023","825.70","858.55","862.45","820.10","4.75M","-3.37%"
"22-08-2023","854.50","863.90","869.00","853.35","8.04M","-0.43%"
"21-08-2023","858.15","840.10","864.10","838.50","17.43M","2.66%"
"18-08-2023","835.90","807.00","849.60","804.30","22.50M","3.24%"
"17-08-2023","809.65","778.00","813.60","776.85","14.01M","4.32%"
"16-08-2023","776.10","786.00","786.00","772.45","11.48M","-1.40%"
"14-08-2023","787.15","781.00","794.20","771.10","17.84M","-1.74%"
"11-08-2023","801.05","806.90","810.45","794.25","9.04M","-0.22%"
"10-08-2023","802.80","793.00","819.80","792.00","8.06M","1.48%"
"09-08-2023","791.10","792.70","806.85","784.00","7.01M","0.88%"
"08-08-2023","784.20","793.75","805.00","764.30","11.99M","-0.91%"
"07-08-2023","791.40","777.05","794.65","771.20","4.18M","2.08%"
"04-08-2023","775.25","776.45","779.90","768.75","2.76M","0.25%"
"03-08-2023","773.35","761.45","779.50","753.40","4.14M","1.56%"
"02-08-2023","761.45","767.00","773.90","751.55","3.02M","-0.51%"
"01-08-2023","765.35","778.95","781.00","761.60","2.59M","-1.61%"
"31-07-2023","777.85","758.65","780.00","754.40","5.85M","2.93%"
"28-07-2023","755.70","750.00","760.80","743.10","3.26M","0.93%"
"27-07-2023","748.75","753.90","758.85","741.90","2.24M","-0.52%"
"26-07-2023","752.65","752.95","765.40","745.00","5.87M","0.45%"
"25-07-2023","749.25","737.65","752.00","733.15","3.21M","1.90%"
"24-07-2023","735.30","730.00","740.25","728.45","1.92M","0.94%"
"21-07-2023","728.45","728.80","735.35","726.30","1.49M","-0.55%"
"20-07-2023","732.45","733.45","735.95","728.10","1.42M","0.14%"
"19-07-2023","731.40","731.90","735.45","729.00","1.04M","0.45%"
"18-07-2023","728.15","731.00","747.50","725.60","4.46M","-0.40%"
"17-07-2023","731.05","730.20","742.80","730.10","2.68M","0.68%"
"14-07-2023","726.10","718.65","727.45","714.70","2.04M","1.24%"
"13-07-2023","717.20","724.95","729.25","715.00","1.38M","-0.97%"
"12-07-2023","724.20","731.85","732.45","722.00","1.35M","-0.78%"
"11-07-2023","729.90","723.95","732.45","719.05","2.72M","1.36%"
"10-07-2023","720.10","722.00","730.00","708.00","5.14M","0.19%"
"07-07-2023","718.70","739.95","740.00","716.20","4.25M","-2.88%"
"06-07-2023","740.05","742.40","745.90","738.20","1.95M","-0.36%"
"05-07-2023","742.75","741.00","746.90","734.05","2.21M","0.14%"
"04-07-2023","741.70","740.05","751.00","735.00","3.26M","0.58%"
"03-07-2023","737.40","744.50","747.45","732.70","2.81M","-0.25%"
"30-06-2023","739.25","752.80","759.90","738.00","6.63M","-2.28%"
"28-06-2023","756.50","722.95","759.00","721.80","17.91M","5.03%"
"27-06-2023","720.25","724.35","730.45","716.00","6.94M","-0.57%"
"26-06-2023","724.40","710.00","726.30","705.10","5.70M","1.41%"
"23-06-2023","714.30","741.00","741.00","703.00","15.40M","-4.20%"
"22-06-2023","745.60","755.00","758.00","741.00","10.06M","-0.51%"
"21-06-2023","749.45","739.90","753.25","733.30","9.31M","1.58%"
"20-06-2023","737.80","738.00","742.00","730.20","6.75M","0.29%"
"19-06-2023","735.65","749.90","749.90","731.00","5.26M","-1.57%"
"16-06-2023","747.40","741.00","749.70","740.80","6.80M","1.07%"
"15-06-2023","739.50","737.30","748.70","737.00","6.45M","0.02%"
"14-06-2023","739.35","736.35","742.75","735.80","3.90M","0.20%"
"13-06-2023","737.85","741.00","742.40","735.05","3.64M","-0.57%"
"12-06-2023","742.10","735.20","746.55","733.55","4.57M","0.97%"
"09-06-2023","734.95","738.00","742.00","733.00","1.34M","-0.20%"
"08-06-2023","736.40","744.95","749.00","733.00","2.14M","-0.99%"
"07-06-2023","743.75","750.00","751.00","741.95","2.13M","-0.22%"
"06-06-2023","745.40","742.90","747.00","740.00","5.49M","0.89%"
"05-06-2023","738.80","738.00","744.00","735.00","5.17M","0.30%"
"02-06-2023","736.60","738.00","744.00","734.00","5.55M","0.62%"
"01-06-2023","732.05","730.50","744.95","729.00","3.77M","-0.92%"
"31-05-2023","738.85","736.00","749.00","721.30","13.65M","0.65%"
"30-05-2023","734.05","740.00","742.35","727.65","4.79M","-0.47%"
"29-05-2023","737.50","731.00","740.00","728.05","4.30M","1.47%"
"26-05-2023","726.85","729.10","730.35","720.60","4.51M","0.32%"
"25-05-2023","724.50","717.00","727.00","705.60","7.46M","0.87%"
"24-05-2023","718.25","739.00","739.00","708.75","12.81M","-2.15%"
"23-05-2023","734.05","744.30","785.65","730.00","39.50M","0.60%"
"22-05-2023","729.70","698.90","753.40","693.15","30.20M","6.05%"
"19-05-2023","688.10","664.00","694.15","659.50","6.34M","3.48%"
"18-05-2023","664.95","689.70","689.70","661.30","4.41M","-2.87%"
"17-05-2023","684.60","687.25","691.95","682.55","2.30M","-0.35%"
"16-05-2023","687.00","694.05","698.80","685.30","1.40M","-1.02%"
"15-05-2023","694.05","699.80","701.70","687.50","2.62M","-0.85%"
"12-05-2023","700.00","712.00","712.00","695.05","4.03M","-1.24%"
"11-05-2023","708.80","694.00","714.00","692.25","5.98M","2.58%"
"10-05-2023","691.00","692.00","692.40","685.55","1.79M","0.07%"
"09-05-2023","690.50","685.10","695.90","684.50","4.03M","0.79%"
"08-05-2023","685.10","684.70","690.65","678.60","3.67M","0.18%"
"05-05-2023","683.90","682.80","693.60","677.50","5.19M","0.61%"
"04-05-2023","679.75","670.00","682.00","667.70","5.12M","1.51%"
"03-05-2023","669.65","675.00","684.85","656.75","5.65M","-1.74%"
"02-05-2023","681.50","683.80","685.90","672.60","5.56M","0.03%"
"28-04-2023","681.30","666.20","683.00","662.15","6.16M","3.27%"
"27-04-2023","659.75","667.90","668.20","657.20","3.20M","-0.74%"
"26-04-2023","664.70","671.00","671.60","662.10","3.37M","-1.01%"
"25-04-2023","671.45","675.00","682.50","668.85","4.81M","0.02%"
"24-04-2023","671.30","665.10","672.75","656.00","3.36M","1.47%"
"21-04-2023","661.60","668.00","670.60","658.65","1.98M","-0.68%"
"20-04-2023","666.10","663.00","678.50","661.20","5.01M","1.17%"
"19-04-2023","658.40","659.00","665.00","654.90","2.68M","-0.02%"
"18-04-2023","658.55","668.00","671.40","651.05","2.96M","-0.93%"
"17-04-2023","664.70","663.00","666.70","658.00","2.73M","0.46%"
"13-04-2023","661.65","659.70","664.90","653.40","3.31M","0.59%"
"12-04-2023","657.75","656.00","662.00","650.00","4.27M","0.58%"
"11-04-2023","653.95","655.00","660.25","647.40","3.80M","0.30%"
"10-04-2023","652.00","646.00","657.00","643.00","4.25M","1.62%"
"06-04-2023","641.60","637.00","651.35","631.55","7.09M","0.76%"
"05-04-2023","636.75","626.90","639.80","625.05","6.62M","1.43%"
"03-04-2023","627.80","638.55","639.00","622.15","6.07M","-0.65%"
"31-03-2023","631.90","643.90","655.40","627.35","9.47M","-0.75%"
"29-03-2023","636.65","593.35","642.55","590.10","17.06M","7.29%"
"28-03-2023","593.40","622.60","627.80","571.55","19.86M","-5.67%"
"27-03-2023","629.10","638.00","644.85","625.50","5.62M","-1.39%"
"24-03-2023","638.00","658.20","660.65","633.95","6.07M","-2.59%"
"23-03-2023","654.95","655.00","667.35","652.05","4.49M","-0.33%"
"22-03-2023","657.15","669.90","671.90","654.15","4.46M","-1.15%"
"21-03-2023","664.80","671.50","674.40","661.20","5.01M","-0.29%"
"20-03-2023","666.75","671.00","677.75","659.30","5.25M","-2.00%"
"17-03-2023","680.35","688.50","691.75","671.30","7.63M","0.11%"
"16-03-2023","679.60","686.90","692.35","675.15","12.99M","0.04%"
"15-03-2023","679.35","661.55","687.85","657.25","15.51M","3.80%"
"14-03-2023","654.50","681.20","684.55","638.60","18.15M","-3.92%"
"13-03-2023","681.20","703.70","710.55","677.15","9.69M","-2.38%"
"10-03-2023","697.80","684.80","701.75","680.65","12.14M","0.08%"
"09-03-2023","697.25","713.90","716.60","686.00","17.04M","-2.08%"
"08-03-2023","712.05","700.00","715.00","682.00","20.23M","3.08%"
"06-03-2023","690.75","690.00","722.75","681.10","37.44M","0.89%"
"03-03-2023","684.65","663.00","704.00","650.55","42.83M","9.91%"
"02-03-2023","622.90","603.95","625.00","585.60","21.08M","3.45%"
"01-03-2023","602.10","598.00","616.00","594.60","18.66M","1.63%"
"28-02-2023","592.45","563.00","614.45","551.95","25.36M","5.42%"
"27-02-2023","562.00","559.00","571.95","553.10","8.48M","0.55%"
"24-02-2023","558.90","557.00","565.90","543.20","8.63M","1.28%"
"23-02-2023","551.85","539.50","558.15","533.65","10.71M","0.87%"
"22-02-2023","547.10","583.50","583.55","540.00","10.99M","-6.19%"
"21-02-2023","583.20","585.00","593.80","579.20","7.70M","0.60%"
"20-02-2023","579.70","567.30","581.65","560.00","9.51M","0.18%"
"17-02-2023","578.65","579.00","586.00","569.10","8.88M","0.25%"
"16-02-2023","577.20","580.00","590.80","573.30","9.91M","1.43%"
"15-02-2023","569.05","567.80","578.85","561.90","9.26M","0.70%"
"14-02-2023","565.10","551.00","581.25","538.30","17.98M","2.06%"
"13-02-2023","553.70","587.90","596.10","537.40","19.53M","-5.18%"
"10-02-2023","583.95","573.60","599.90","560.00","12.53M","0.28%"
"09-02-2023","582.30","587.25","589.00","546.20","22.49M","-2.83%"
"08-02-2023","599.25","564.00","605.00","563.00","31.11M","8.33%"
"07-02-2023","553.15","550.00","598.45","543.00","46.65M","1.41%"
"06-02-2023","545.45","498.00","548.70","476.70","38.36M","9.34%"
"03-02-2023","498.85","459.00","507.00","395.10","89.66M","7.87%"
"02-02-2023","462.45","510.00","534.00","424.05","115.52M","-6.60%"
"01-02-2023","495.15","627.00","629.00","459.50","46.56M","-19.18%"
"31-01-2023","612.65","600.00","626.90","588.10","33.27M","2.62%"
"30-01-2023","597.00","620.00","656.60","566.95","58.26M","0.01%"
"27-01-2023","596.95","699.00","699.85","537.00","64.19M","-16.29%"
"25-01-2023","713.15","753.00","756.90","706.00","17.09M","-6.31%"
"24-01-2023","761.20","769.15","774.00","758.00","3.01M","-1.02%"
"23-01-2023","769.05","778.35","778.35","762.40","4.28M","-0.70%"
"20-01-2023","774.45","776.00","786.60","772.45","3.33M","-0.21%"
"19-01-2023","776.05","783.95","783.95","771.75","5.09M","-1.33%"
"18-01-2023","786.50","784.00","795.85","776.60","5.59M","0.22%"
"17-01-2023","784.75","788.35","791.45","778.10","2.95M","-0.29%"
"16-01-2023","787.05","797.00","797.50","784.40","3.60M","-0.96%"
"13-01-2023","794.65","795.60","800.25","786.00","4.06M","0.21%"
"12-01-2023","792.95","796.70","799.45","786.10","2.67M","-0.44%"
"11-01-2023","796.45","800.00","803.10","789.05","3.62M","0.01%"
"10-01-2023","796.40","817.00","820.65","781.10","4.55M","-2.48%"
"09-01-2023","816.65","810.45","820.25","809.10","2.04M","1.31%"
"06-01-2023","806.10","819.90","824.40","803.50","2.89M","-1.65%"
"05-01-2023","819.60","814.05","821.60","797.00","3.12M","1.19%"
"04-01-2023","810.00","820.80","822.00","806.50","3.26M","-1.27%"
"03-01-2023","820.45","822.25","826.40","817.80","2.17M","-0.22%"
"02-01-2023","822.30","823.00","826.75","816.30","2.04M","0.51%"
"30-12-2022","818.10","822.45","826.75","815.60","3.25M","-0.18%"
"29-12-2022","819.55","807.00","822.50","799.55","5.31M","1.14%"
"28-12-2022","810.35","815.75","817.00","808.80","3.62M","-0.83%"
"27-12-2022","817.15","810.10","821.20","798.10","4.87M","1.38%"
"26-12-2022","806.05","798.00","812.00","785.30","7.21M","1.50%"
"23-12-2022","794.10","853.00","853.95","790.20","9.11M","-7.33%"
"22-12-2022","856.90","864.70","874.30","845.55","5.52M","-0.09%"
"21-12-2022","857.65","887.00","893.00","851.55","4.66M","-3.01%"
"20-12-2022","884.25","894.10","895.30","871.30","4.02M","-0.96%"
"19-12-2022","892.85","860.45","896.00","859.60","5.21M","3.77%"
"16-12-2022","860.45","882.95","890.95","854.40","7.79M","-2.66%"
"15-12-2022","883.95","900.25","906.95","880.35","3.68M","-1.84%"
"14-12-2022","900.55","897.20","908.50","891.65","4.93M","0.64%"
"13-12-2022","894.80","884.95","898.00","881.30","3.82M","1.53%"
"12-12-2022","881.30","892.05","894.85","878.55","3.41M","-1.06%"
"09-12-2022","890.75","896.05","912.00","882.20","6.98M","-0.24%"
"08-12-2022","892.90","888.00","898.50","887.35","2.82M","0.69%"
"07-12-2022","886.75","897.80","902.50","884.80","2.87M","-1.08%"
"06-12-2022","896.45","893.80","902.30","886.00","4.84M","0.37%"
"05-12-2022","893.15","891.60","896.50","878.55","3.97M","0.56%"
"02-12-2022","888.20","894.00","903.60","884.25","6.28M","-0.26%"
"01-12-2022","890.55","884.75","896.50","882.00","4.49M","1.08%"
"30-11-2022","881.00","878.90","884.15","873.30","3.80M","0.32%"
"29-11-2022","878.20","878.00","891.80","874.65","3.66M","-0.05%"
"28-11-2022","878.60","876.00","885.25","873.50","4.17M","-0.11%"
"25-11-2022","879.60","877.00","881.00","872.10","5.08M","0.34%"
"24-11-2022","876.65","873.90","882.50","868.30","5.11M","0.35%"
"23-11-2022","873.60","885.45","887.50","866.65","5.32M","-1.00%"
"22-11-2022","882.45","871.60","885.75","870.50","5.47M","1.24%"
"21-11-2022","871.60","885.00","888.00","869.00","6.11M","-1.95%"
"18-11-2022","888.90","892.05","894.90","879.60","5.38M","-0.22%"
"17-11-2022","890.85","886.00","897.70","880.50","5.19M","0.39%"
"16-11-2022","887.35","915.00","916.00","874.40","11.50M","-2.16%"
"15-11-2022","906.90","898.90","915.50","895.00","10.68M","1.32%"
"14-11-2022","895.05","895.00","907.50","885.00","7.65M","0.06%"
"11-11-2022","894.50","905.00","907.80","890.80","8.78M","0.12%"
"10-11-2022","893.45","894.00","898.00","876.30","9.91M","0.30%"
"09-11-2022","890.80","859.50","901.00","859.00","20.09M","4.43%"
"07-11-2022","853.00","867.20","869.00","845.55","8.00M","-1.15%"
"04-11-2022","862.90","837.00","867.00","832.00","11.13M","3.48%"
"03-11-2022","833.85","825.00","837.80","823.50","6.63M","0.05%"
"02-11-2022","833.40","850.00","850.00","829.00","11.86M","-1.00%"
"01-11-2022","841.80","827.70","844.90","823.55","7.77M","2.22%"
"31-10-2022","823.55","824.00","831.00","819.50","4.49M","0.40%"
"28-10-2022","820.30","824.00","834.80","817.30","6.90M","-0.12%"
"27-10-2022","821.25","805.00","824.00","795.00","7.11M","2.61%"
"25-10-2022","800.35","806.70","812.75","797.10","4.49M","-0.64%"
"24-10-2022","805.50","808.00","810.00","802.00","665.02K","0.48%"
"21-10-2022","801.65","824.20","824.20","799.40","5.27M","-2.24%"
"20-10-2022","820.05","801.00","822.25","795.05","4.48M","1.86%"
"19-10-2022","805.05","814.00","823.45","801.15","5.22M","-0.60%"
"18-10-2022","809.95","791.45","815.00","790.50","7.37M","3.02%"
"17-10-2022","786.20","782.10","789.95","771.65","4.60M","0.78%"
"14-10-2022","780.10","804.00","806.60","778.25","4.56M","-0.59%"
"13-10-2022","784.75","807.00","811.75","777.00","7.49M","-2.38%"
"12-10-2022","803.90","801.00","806.50","786.35","5.63M","0.82%"
"11-10-2022","797.35","814.00","820.60","795.25","6.19M","-1.33%"
"10-10-2022","808.10","807.50","813.95","799.00","4.64M","-1.08%"
"07-10-2022","816.90","821.00","826.00","806.35","6.09M","-0.87%"
"06-10-2022","824.10","832.90","835.00","822.30","6.18M","0.13%"
"04-10-2022","823.05","804.00","826.30","790.10","10.45M","4.93%"
"03-10-2022","784.40","821.00","834.40","773.15","12.90M","-4.42%"
"30-09-2022","820.65","822.50","830.45","801.00","10.41M","0.52%"
"29-09-2022","816.40","839.00","847.50","813.05","7.48M","-1.29%"
"28-09-2022","827.10","835.90","847.00","823.35","7.04M","-2.03%"
"27-09-2022","844.20","861.00","875.00","833.80","11.60M","-2.22%"
"26-09-2022","863.40","909.00","909.90","855.25","9.88M","-5.52%"
"23-09-2022","913.80","950.00","950.85","910.15","6.65M","-3.47%"
"22-09-2022","946.65","933.90","953.50","928.05","8.86M","1.47%"
"21-09-2022","932.90","974.00","976.10","917.10","13.18M","-3.85%"
"20-09-2022","970.25","974.20","987.85","967.00","7.54M","1.11%"
"19-09-2022","959.60","942.90","972.60","935.30","7.92M","2.28%"
"16-09-2022","938.20","970.25","976.45","926.15","10.71M","-3.13%"
"15-09-2022","968.55","955.00","972.70","950.40","8.70M","2.18%"
"14-09-2022","947.85","941.00","958.80","939.00","8.50M","-0.10%"
"13-09-2022","948.80","946.00","953.90","933.00","9.65M","1.10%"
"12-09-2022","938.50","914.70","942.00","911.00","12.57M","3.49%"
"09-09-2022","906.85","888.80","925.00","887.00","18.37M","2.46%"
"08-09-2022","885.05","880.60","888.40","867.00","7.94M","1.16%"
"07-09-2022","874.90","847.00","878.75","845.10","8.93M","2.89%"
"06-09-2022","850.35","854.70","858.55","844.05","3.38M","-0.06%"
"05-09-2022","850.90","854.95","864.90","848.20","5.43M","-0.12%"
"02-09-2022","851.95","842.00","860.90","838.05","8.84M","1.69%"
"01-09-2022","837.80","841.80","846.55","831.35","3.89M","-0.52%"
"30-08-2022","842.15","844.00","860.60","838.70","9.49M","0.69%"
"29-08-2022","836.40","815.10","844.60","815.00","6.65M","-0.16%"
"26-08-2022","837.70","821.00","845.00","817.65","8.51M","2.66%"
"25-08-2022","816.00","840.50","842.35","812.30","6.29M","-2.43%"
"24-08-2022","836.30","830.25","838.15","817.10","6.56M","0.46%"
"23-08-2022","832.50","835.80","857.20","806.10","13.52M","-0.92%"
"22-08-2022","840.25","876.20","891.90","837.35","14.69M","-3.62%"
"19-08-2022","871.80","837.25","883.90","833.95","24.51M","4.65%"
"18-08-2022","833.05","824.75","836.45","820.45","3.84M","1.01%"
"17-08-2022","824.75","827.35","831.95","821.15","3.69M","0.07%"
"16-08-2022","824.15","792.30","826.00","791.15","6.82M","4.54%"
"12-08-2022","788.35","793.50","799.70","785.50","2.28M","-0.56%"
"11-08-2022","792.75","794.70","799.90","788.30","2.14M","0.28%"
"10-08-2022","790.55","803.00","808.00","778.30","5.54M","-1.38%"
"08-08-2022","801.65","812.90","823.00","795.35","7.52M","-1.06%"
"05-08-2022","810.25","811.10","818.70","805.50","2.81M","0.37%"
"04-08-2022","807.25","811.05","820.50","796.50","4.64M","0.01%"
"03-08-2022","807.20","802.80","809.90","795.35","3.33M","0.61%"
"02-08-2022","802.30","800.85","810.40","795.00","4.39M","0.13%"
"01-08-2022","801.25","770.00","804.00","765.05","6.46M","4.92%"
"29-07-2022","763.70","769.00","775.65","758.85","3.18M","-0.10%"
"28-07-2022","764.50","763.65","768.60","757.65","2.70M","0.51%"
"27-07-2022","760.65","748.70","762.20","747.05","2.54M","1.54%"
"26-07-2022","749.10","749.90","753.50","745.00","1.80M","-0.11%"
"25-07-2022","749.95","757.00","757.25","746.05","1.59M","-0.57%"
"22-07-2022","754.25","757.65","764.95","751.55","2.85M","0.00%"
"21-07-2022","754.25","747.70","756.90","741.20","2.64M","1.44%"
"20-07-2022","743.55","756.95","756.95","741.90","2.18M","-0.73%"
"19-07-2022","749.00","736.95","751.80","734.05","2.86M","1.25%"
"18-07-2022","739.75","736.95","742.50","732.60","2.40M","1.21%"
"15-07-2022","730.90","737.70","738.45","726.10","4.13M","0.89%"
"14-07-2022","724.45","729.00","730.80","716.55","2.86M","-0.32%"
"13-07-2022","726.75","737.05","739.00","724.35","2.37M","-0.70%"
"12-07-2022","731.90","729.00","742.90","726.35","5.85M","0.37%"
"11-07-2022","729.20","715.00","732.00","713.05","3.81M","1.89%"
"08-07-2022","715.70","709.90","717.75","706.55","3.88M","1.72%"
"07-07-2022","703.60","701.00","707.00","695.00","2.90M","1.33%"
"06-07-2022","694.35","678.00","696.30","677.15","2.63M","2.30%"
"05-07-2022","678.75","686.45","694.20","676.95","2.47M","-0.48%"
"04-07-2022","682.00","679.85","684.30","673.10","1.87M","0.60%"
"01-07-2022","677.90","670.00","680.00","656.00","3.15M","0.87%"
"30-06-2022","672.05","680.55","685.90","666.60","3.50M","-0.85%"
"29-06-2022","677.80","675.00","684.40","667.00","3.33M","-0.04%"
"28-06-2022","678.05","681.00","683.80","670.25","4.60M","-1.41%"
"27-06-2022","687.75","698.00","698.70","684.90","2.71M","0.20%"
"24-06-2022","686.40","683.00","687.95","677.10","2.74M","1.64%"
"23-06-2022","675.30","672.70","683.30","666.20","2.76M","1.05%"
"22-06-2022","668.30","684.90","687.85","665.55","2.96M","-3.02%"
"21-06-2022","689.10","670.50","691.55","667.10","3.31M","3.91%"
"20-06-2022","663.15","671.00","673.90","653.10","3.51M","-0.87%"
"17-06-2022","668.95","677.00","689.45","663.00","6.10M","-1.87%"
"16-06-2022","681.70","711.95","717.10","677.00","4.30M","-3.13%"
"15-06-2022","703.75","710.90","713.30","701.60","2.45M","-0.13%"
"14-06-2022","704.70","695.40","721.80","693.55","6.14M","1.36%"
"13-06-2022","695.25","711.00","714.70","688.80","4.54M","-4.29%"
"10-06-2022","726.40","726.00","732.15","718.20","3.38M","-1.24%"
"09-06-2022","735.50","726.00","737.00","723.10","2.60M","0.95%"
"08-06-2022","728.60","735.55","740.00","725.35","2.84M","-0.81%"
"07-06-2022","734.55","739.00","742.50","713.40","2.49M","-0.90%"
"06-06-2022","741.25","738.50","745.00","725.30","2.75M","0.18%"
"03-06-2022","739.90","758.00","758.50","738.75","2.96M","-1.14%"
"02-06-2022","748.45","737.00","751.90","730.25","3.54M","1.57%"
"01-06-2022","736.90","739.80","743.70","729.05","3.20M","-0.40%"
"31-05-2022","739.85","731.10","749.00","728.00","6.35M","0.70%"
"30-05-2022","734.70","714.00","737.00","710.00","5.55M","4.49%"
"27-05-2022","703.10","714.10","714.10","697.00","5.82M","0.23%"
"26-05-2022","701.50","712.00","719.30","668.15","13.57M","-0.90%"
"25-05-2022","707.90","735.00","743.95","705.40","7.70M","-5.88%"
"24-05-2022","752.15","756.60","764.80","747.50","4.65M","-0.19%"
"23-05-2022","753.55","774.85","779.90","751.25","4.79M","-1.82%"
"20-05-2022","767.55","749.95","772.80","745.10","5.43M","4.74%"
"19-05-2022","732.80","744.00","747.35","730.00","4.45M","-3.55%"
"18-05-2022","759.80","752.65","767.20","742.00","9.02M","2.02%"
"17-05-2022","744.75","720.00","747.30","715.35","4.43M","4.53%"
"16-05-2022","712.50","715.00","728.15","704.00","5.61M","0.93%"
"13-05-2022","705.90","727.00","735.90","701.80","7.25M","-1.04%"
"12-05-2022","713.30","759.00","759.00","705.30","10.57M","-6.13%"
"11-05-2022","759.90","771.00","784.95","749.05","8.99M","-1.20%"
"10-05-2022","769.10","795.20","803.95","765.05","5.34M","-2.96%"
"09-05-2022","792.60","807.45","807.45","783.00","4.77M","-2.32%"
"06-05-2022","811.40","797.90","820.95","790.20","6.15M","0.01%"
"05-05-2022","811.35","820.90","835.50","806.00","6.60M","-0.18%"
"04-05-2022","812.80","860.50","864.20","805.80","7.97M","-5.11%"
"02-05-2022","856.55","850.00","862.85","838.05","5.76M","0.02%"
"29-04-2022","856.40","892.70","898.90","852.10","11.54M","-3.46%"
"28-04-2022","887.10","899.00","900.25","876.80","8.78M","-0.02%"
"27-04-2022","887.30","914.05","924.65","880.00","20.79M","-2.44%"
"26-04-2022","909.50","868.00","913.00","865.40","21.01M","5.81%"
"25-04-2022","859.55","873.95","880.95","848.65","10.15M","-1.67%"
"22-04-2022","874.15","847.45","886.00","840.70","17.86M","2.78%"
"21-04-2022","850.50","833.00","858.90","832.30","5.54M","2.76%"
"20-04-2022","827.65","825.60","835.95","820.00","3.07M","1.02%"
"19-04-2022","819.30","849.00","850.25","807.00","4.47M","-2.78%"
"18-04-2022","842.70","831.35","846.75","821.40","3.97M","0.26%"
"13-04-2022","840.50","849.90","854.90","836.50","2.96M","-0.52%"
"12-04-2022","844.90","853.90","859.00","835.00","5.60M","-1.13%"
"11-04-2022","854.55","840.00","860.00","839.30","6.03M","1.82%"
"08-04-2022","839.30","823.00","844.80","817.40","5.78M","2.68%"
"07-04-2022","817.40","850.00","866.00","813.60","11.66M","-3.82%"
"06-04-2022","849.85","852.95","862.65","840.00","8.79M","0.21%"
"05-04-2022","848.05","840.00","860.90","826.00","21.09M","3.60%"
"04-04-2022","818.55","791.00","822.15","783.65","13.74M","4.17%"
"01-04-2022","785.75","774.50","790.70","774.50","6.82M","1.49%"
"31-03-2022","774.20","767.40","781.00","765.50","5.47M","0.89%"
"30-03-2022","767.40","768.80","775.95","762.10","6.91M","0.72%"
"29-03-2022","761.95","741.00","766.90","738.05","11.42M","3.39%"
"28-03-2022","737.00","747.00","749.70","726.55","5.69M","-0.84%"
"25-03-2022","743.25","737.00","746.90","730.05","4.00M","1.34%"
"24-03-2022","733.45","733.00","742.30","731.00","2.91M","-0.04%"
"23-03-2022","733.75","747.95","751.00","731.80","4.70M","-0.73%"
"22-03-2022","739.15","735.00","743.90","723.05","5.01M","0.54%"
"21-03-2022","735.15","741.00","750.45","725.40","6.66M","-0.67%"
"17-03-2022","740.10","730.50","743.80","729.55","4.96M","2.25%"
"16-03-2022","723.80","726.00","729.50","721.00","2.69M","0.35%"
"15-03-2022","721.30","733.00","736.00","716.25","4.23M","-1.27%"
"14-03-2022","730.55","725.95","733.50","724.00","1.91M","0.15%"
"11-03-2022","729.45","729.50","731.75","722.30","2.86M","-0.13%"
"10-03-2022","730.40","727.90","737.65","720.60","5.85M","2.28%"
"09-03-2022","714.10","697.00","718.00","692.70","5.35M","3.67%"
"08-03-2022","688.85","679.65","692.00","670.60","3.83M","1.63%"
"07-03-2022","677.80","690.00","691.70","663.55","4.89M","-3.19%"
"04-03-2022","700.15","699.90","710.70","689.05","7.94M","-0.93%"
"03-03-2022","706.70","718.80","724.60","703.00","7.53M","-0.51%"
"02-03-2022","710.30","702.95","717.90","697.60","4.45M","0.40%"
"28-02-2022","707.50","690.00","709.65","684.50","4.29M","1.78%"
"25-02-2022","695.15","674.50","703.00","670.25","5.74M","6.15%"
"24-02-2022","654.85","682.00","688.00","651.95","9.55M","-7.34%"
"23-02-2022","706.70","711.00","719.40","705.00","2.98M","0.16%"
"22-02-2022","705.55","698.00","711.10","685.00","6.11M","-0.78%"
"21-02-2022","711.10","722.70","726.75","709.55","2.81M","-2.25%"
"18-02-2022","727.50","729.90","739.20","725.50","2.15M","-0.91%"
"17-02-2022","734.20","741.10","745.00","731.35","3.41M","-0.88%"
"16-02-2022","740.75","724.90","750.85","722.10","9.38M","2.80%"
"15-02-2022","720.60","699.70","722.45","690.00","3.32M","3.57%"
"14-02-2022","695.75","714.80","714.80","691.00","6.22M","-3.86%"
"11-02-2022","723.70","727.90","733.90","719.45","3.62M","-1.01%"
"10-02-2022","731.05","736.90","741.55","728.05","4.75M","-0.33%"
"09-02-2022","733.45","722.00","735.40","719.05","3.19M","2.18%"
"08-02-2022","717.80","719.00","723.00","703.00","3.21M","0.37%"
"07-02-2022","715.15","728.80","729.90","713.35","2.61M","-1.62%"
"04-02-2022","726.95","735.00","741.15","724.00","2.45M","-0.76%"
"03-02-2022","732.50","744.05","745.00","729.40","2.69M","-1.70%"
"02-02-2022","745.20","723.90","746.85","721.50","6.17M","0.87%"
"01-02-2022","738.75","721.00","744.30","720.65","6.05M","3.13%"
"31-01-2022","716.30","719.70","723.90","714.55","2.15M","0.87%"
"28-01-2022","710.15","713.00","732.80","707.50","3.54M","0.15%"
"27-01-2022","709.10","699.80","712.30","691.00","4.75M","-0.28%"
"25-01-2022","711.10","696.00","712.85","690.00","4.48M","1.23%"
"24-01-2022","702.45","723.90","725.25","689.00","5.35M","-2.96%"
"21-01-2022","723.90","732.00","733.65","714.45","9.24M","-1.91%"
"20-01-2022","738.00","744.00","751.70","735.00","4.74M","-0.83%"
"19-01-2022","744.20","761.75","761.75","736.00","5.84M","-2.46%"
"18-01-2022","762.95","780.00","790.00","760.00","4.30M","-2.07%"
"17-01-2022","779.05","783.50","789.40","773.90","3.19M","-0.13%"
"14-01-2022","780.10","769.00","795.00","763.65","9.63M","1.02%"
"13-01-2022","772.20","763.00","776.00","760.00","4.05M","1.13%"
"12-01-2022","763.55","769.50","774.90","754.00","5.78M","-0.20%"
"11-01-2022","765.10","738.65","768.90","728.50","8.96M","3.55%"
"10-01-2022","738.85","737.10","743.00","734.10","2.17M","0.37%"
"07-01-2022","736.10","744.70","747.70","730.50","2.59M","-0.50%"
"06-01-2022","739.80","748.90","748.90","730.10","5.44M","-2.00%"
"05-01-2022","754.90","739.00","758.80","734.05","5.41M","2.12%"
"04-01-2022","739.25","743.00","747.00","732.65","4.07M","0.36%"
"03-01-2022","736.60","732.00","738.65","730.50","2.38M","0.86%"
"31-12-2021","730.30","725.00","735.00","725.00","2.54M","0.84%"
"30-12-2021","724.25","722.90","726.00","716.45","3.65M","0.21%"
"29-12-2021","722.75","729.00","734.20","720.10","2.40M","-0.89%"
"28-12-2021","729.25","727.10","738.90","725.20","3.60M","0.84%"
"27-12-2021","723.20","717.00","726.40","713.00","2.66M","0.11%"
"24-12-2021","722.40","732.50","734.90","713.40","3.95M","-1.22%"
"23-12-2021","731.30","732.80","747.50","728.85","6.64M","1.17%"
"22-12-2021","722.85","727.00","729.90","717.25","3.63M","-0.38%"
"21-12-2021","725.60","710.00","728.00","701.70","6.94M","3.41%"
"20-12-2021","701.70","717.00","717.00","685.50","4.56M","-3.07%"
"17-12-2021","723.95","744.50","744.50","721.20","4.97M","-2.85%"
"16-12-2021","745.15","752.00","756.45","739.35","3.30M","-0.05%"
"15-12-2021","745.50","763.70","766.65","742.95","4.67M","-2.38%"
"14-12-2021","763.70","755.90","766.00","750.50","2.92M","0.69%"
"13-12-2021","758.45","775.00","778.80","750.10","4.99M","-1.20%"
"10-12-2021","767.70","768.85","794.95","763.00","10.05M","-0.27%"
"09-12-2021","769.75","766.70","775.80","760.00","4.69M","1.10%"
"08-12-2021","761.40","751.20","764.40","748.20","4.62M","2.24%"
"07-12-2021","744.70","729.00","749.95","725.80","3.99M","2.94%"
"06-12-2021","723.45","739.00","744.50","721.50","3.54M","-1.90%"
"03-12-2021","737.45","739.00","746.50","734.00","5.58M","-0.22%"
"02-12-2021","739.10","710.00","742.30","702.30","8.48M","4.40%"
"01-12-2021","707.95","695.00","711.05","682.75","5.58M","3.52%"
"30-11-2021","683.85","704.00","712.65","679.70","6.19M","-2.67%"
"29-11-2021","702.60","707.00","715.00","682.65","5.93M","-2.03%"
"26-11-2021","717.15","750.00","766.00","713.25","7.22M","-5.94%"
"25-11-2021","762.45","764.80","774.30","755.50","6.14M","-0.08%"
"24-11-2021","763.05","735.65","772.35","732.00","11.65M","4.63%"
"23-11-2021","729.25","714.00","733.60","705.20","3.49M","1.99%"
"22-11-2021","715.00","725.00","733.40","704.00","3.56M","-1.52%"
"18-11-2021","726.05","739.45","741.30","716.15","2.20M","-1.29%"
"17-11-2021","735.55","744.40","745.00","733.00","2.44M","-1.46%"
"16-11-2021","746.45","752.70","761.70","743.45","3.38M","-0.45%"
"15-11-2021","749.80","753.90","756.50","740.55","2.43M","-0.07%"
"12-11-2021","750.30","737.70","755.50","734.25","4.59M","2.07%"
"11-11-2021","735.10","734.95","741.55","728.50","2.33M","-0.38%"
"10-11-2021","737.90","736.40","745.05","730.10","2.75M","0.07%"
"09-11-2021","737.35","731.00","744.50","727.80","3.46M","0.94%"
"08-11-2021","730.45","717.00","735.10","709.10","3.23M","2.35%"
"04-11-2021","713.70","713.00","716.45","713.00","453.29K","0.63%"
"03-11-2021","709.20","702.00","719.80","702.00","3.04M","0.98%"
"02-11-2021","702.35","707.00","715.00","700.65","3.03M","-0.29%"
"01-11-2021","704.40","705.00","707.00","690.00","3.23M","1.65%"
"29-10-2021","693.00","697.00","709.60","687.00","7.61M","0.71%"
"28-10-2021","688.10","724.35","734.50","681.15","18.16M","-7.74%"
"27-10-2021","745.85","753.65","756.55","743.65","3.25M","-0.54%"
"26-10-2021","749.90","752.00","758.55","740.05","3.09M","-0.29%"
"25-10-2021","752.05","765.00","765.55","738.55","2.97M","-1.28%"
"22-10-2021","761.80","780.30","787.30","753.90","3.86M","-2.25%"
"21-10-2021","779.35","799.00","802.90","775.30","4.61M","-1.96%"
"20-10-2021","794.90","792.00","802.90","777.50","5.47M","0.33%"
"19-10-2021","792.25","815.00","820.00","785.00","5.54M","-2.26%"
"18-10-2021","810.55","820.90","829.90","807.00","8.88M","-0.28%"
"14-10-2021","812.80","766.10","817.70","764.25","19.75M","7.09%"
"13-10-2021","759.00","740.60","764.60","739.10","9.08M","3.00%"
"12-10-2021","736.90","737.65","740.95","728.85","2.15M","-0.07%"
"11-10-2021","737.45","743.90","746.00","736.50","2.12M","-0.33%"
"08-10-2021","739.90","739.70","747.00","733.50","2.88M","0.51%"
"07-10-2021","736.15","730.00","738.80","726.55","3.24M","1.68%"
"06-10-2021","724.00","747.70","749.00","721.85","3.62M","-2.68%"
"05-10-2021","743.95","744.15","753.80","742.00","3.27M","-0.03%"
"04-10-2021","744.20","738.85","747.50","736.05","3.41M","1.26%"
"01-10-2021","734.95","735.85","738.25","722.00","4.01M","-0.40%"
"30-09-2021","737.90","745.80","756.50","736.00","4.36M","-0.55%"
"29-09-2021","742.00","737.65","747.85","736.00","2.73M","0.45%"
"28-09-2021","738.70","754.00","756.90","733.00","3.75M","-1.54%"
"27-09-2021","750.25","749.70","753.80","736.40","3.80M","0.73%"
"24-09-2021","744.80","756.00","764.90","743.00","4.45M","-1.29%"
"23-09-2021","754.50","754.40","760.00","750.55","3.53M","1.23%"
"22-09-2021","745.30","750.00","759.60","742.00","4.34M","-0.57%"
"21-09-2021","749.60","754.00","758.80","734.05","7.77M","0.09%"
"20-09-2021","748.90","759.80","776.00","746.10","5.57M","-2.37%"
"17-09-2021","767.10","773.30","786.00","760.00","9.70M","-0.33%"
"16-09-2021","769.65","769.00","772.75","760.00","4.63M","0.48%"
"15-09-2021","765.95","758.55","769.80","753.60","7.04M","1.40%"
"14-09-2021","755.40","747.80","762.75","745.45","5.62M","1.38%"
"13-09-2021","745.10","748.00","752.65","740.50","2.51M","-0.61%"
"09-09-2021","749.70","745.10","751.00","742.00","2.83M","0.38%"
"08-09-2021","746.85","748.80","753.00","738.25","4.04M","0.18%"
"07-09-2021","745.50","753.90","755.15","741.65","3.52M","-0.76%"
"06-09-2021","751.20","758.40","765.00","747.25","5.26M","-0.49%"
"03-09-2021","754.90","755.95","762.00","745.30","4.49M","0.14%"
"02-09-2021","753.85","745.00","760.65","744.00","5.79M","1.22%"
"01-09-2021","744.75","750.05","751.85","737.60","5.32M","-0.47%"
"31-08-2021","748.30","732.30","754.00","728.10","15.42M","2.51%"
"30-08-2021","730.00","730.60","735.40","727.10","4.76M","0.41%"
"27-08-2021","727.00","724.00","731.95","722.25","6.75M","0.73%"
"26-08-2021","721.70","725.00","733.00","717.70","14.97M","0.13%"
"25-08-2021","720.75","698.50","725.00","695.40","21.28M","3.65%"
"24-08-2021","695.40","673.00","702.00","668.50","7.64M","4.06%"
"23-08-2021","668.30","691.80","691.80","665.00","6.64M","-2.75%"
"20-08-2021","687.20","690.00","706.40","680.80","6.27M","-2.58%"
"18-08-2021","705.40","696.45","708.30","688.70","7.35M","1.84%"
"17-08-2021","692.65","705.80","714.90","686.05","7.26M","-2.02%"
"16-08-2021","706.90","704.00","716.45","702.00","6.39M","0.39%"
"13-08-2021","704.15","704.45","709.50","699.05","3.39M","0.01%"
"12-08-2021","704.05","701.00","710.40","700.00","5.07M","0.70%"
"11-08-2021","699.15","693.40","705.00","684.55","6.30M","0.89%"
"10-08-2021","693.00","701.70","706.75","683.25","5.94M","-0.99%"
"09-08-2021","699.90","714.00","717.00","694.10","7.52M","-1.52%"
"06-08-2021","710.70","692.95","719.90","691.45","17.50M","2.47%"
"05-08-2021","693.55","695.00","700.50","684.00","5.85M","-0.17%"
"04-08-2021","694.70","718.00","718.00","692.00","14.05M","-1.47%"
"03-08-2021","705.05","698.00","714.95","695.25","18.43M","1.89%"
"02-08-2021","692.00","682.00","695.00","678.00","8.93M","2.59%"
"30-07-2021","674.50","661.25","687.80","659.50","13.44M","2.25%"
"29-07-2021","659.65","671.00","671.00","657.95","4.57M","-0.86%"
"28-07-2021","665.40","668.40","676.75","654.20","11.13M","0.33%"
"27-07-2021","663.20","682.80","686.30","660.35","7.13M","-2.87%"
"26-07-2021","682.80","680.00","690.95","674.45","5.34M","0.40%"
"23-07-2021","680.05","700.00","700.00","677.20","8.68M","-1.70%"
"22-07-2021","691.80","678.00","695.00","666.70","9.74M","2.85%"
"20-07-2021","672.60","661.00","680.85","660.00","11.53M","-0.16%"
"19-07-2021","673.70","686.00","693.00","661.40","13.62M","-2.02%"
"16-07-2021","687.60","699.70","702.90","685.25","6.94M","-1.64%"
"15-07-2021","699.10","699.70","706.40","695.50","7.49M","0.27%"
"14-07-2021","697.25","709.40","711.50","695.35","13.81M","-0.96%"
"13-07-2021","704.00","720.00","720.90","702.00","12.29M","-1.96%"
"12-07-2021","718.05","734.40","735.65","715.05","8.66M","-1.43%"
"09-07-2021","728.50","712.50","737.00","708.35","14.92M","2.36%"
"08-07-2021","711.70","724.00","728.00","709.10","7.80M","-1.17%"
"07-07-2021","720.10","716.90","723.00","706.00","8.72M","1.04%"
"06-07-2021","712.70","712.00","731.95","707.10","14.58M","0.37%"
"05-07-2021","710.05","717.00","721.00","703.00","11.11M","-0.05%"
"02-07-2021","710.40","705.00","724.30","705.00","17.68M","1.04%"
"01-07-2021","703.10","706.00","711.85","700.00","8.04M","-0.09%"
"30-06-2021","703.70","717.60","717.60","702.10","9.10M","-1.03%"
"29-06-2021","711.00","717.50","723.00","709.00","9.30M","-0.73%"
"28-06-2021","716.25","719.00","729.95","713.00","14.14M","0.57%"
"25-06-2021","712.20","715.00","719.00","706.50","12.09M","0.32%"
"24-06-2021","709.90","724.00","725.00","701.70","21.50M","-1.22%"
"23-06-2021","718.70","749.00","757.00","715.50","31.17M","-3.26%"
"22-06-2021","742.90","740.00","761.65","738.00","35.60M","1.62%"
"21-06-2021","731.05","692.00","744.65","685.10","51.76M","5.29%"
"18-06-2021","694.35","643.20","704.60","638.10","76.27M","7.33%"
"17-06-2021","646.90","683.00","704.65","638.35","70.81M","-8.46%"
"16-06-2021","706.70","755.00","755.00","697.80","29.44M","-7.24%"
"15-06-2021","761.85","802.90","802.90","755.00","45.41M","-0.86%"
"14-06-2021","768.45","755.80","783.70","681.10","89.77M","-8.49%"
"11-06-2021","839.75","852.00","856.40","820.70","17.46M","-0.83%"
"10-06-2021","846.75","858.55","863.95","843.30","11.74M","-0.69%"
"09-06-2021","852.60","879.25","901.00","831.30","31.23M","-2.47%"
"08-06-2021","874.20","883.40","887.80","859.15","16.42M","-0.50%"
"07-06-2021","878.60","837.40","898.80","835.65","33.68M","5.37%"
"04-06-2021","833.85","830.80","841.95","823.00","14.46M","1.04%"
"03-06-2021","825.30","818.85","849.00","810.70","24.11M","1.70%"
"02-06-2021","811.50","802.95","824.00","802.95","27.75M","1.67%"
"01-06-2021","798.20","773.10","801.80","764.30","17.85M","3.72%"
"31-05-2021","769.55","779.95","779.95","761.70","7.82M","-0.85%"
"28-05-2021","776.15","755.00","784.90","754.00","13.62M","3.29%"
"27-05-2021","751.40","758.30","765.00","749.45","7.91M","-0.91%"
"26-05-2021","758.30","767.85","769.90","757.00","7.38M","-0.75%"
"25-05-2021","764.00","773.00","776.70","759.00","4.73M","-0.33%"
"24-05-2021","766.55","769.70","779.90","746.60","8.35M","-0.34%"
"21-05-2021","769.20","772.00","775.25","766.65","5.27M","0.46%"
"20-05-2021","765.70","776.50","779.50","761.05","6.96M","-0.87%"
"19-05-2021","772.40","784.00","791.90","769.30","15.67M","-0.45%"
"18-05-2021","775.90","765.00","780.00","757.10","9.88M","2.88%"
"17-05-2021","754.20","740.00","760.00","737.00","12.27M","2.82%"
"14-05-2021","733.55","757.90","758.65","727.50","10.88M","-2.40%"
"12-05-2021","751.60","763.00","772.80","747.70","10.62M","-1.45%"
"11-05-2021","762.65","751.00","789.70","750.35","12.98M","-0.37%"
"10-05-2021","765.45","774.40","779.50","762.45","9.20M","-0.30%"
"07-05-2021","767.75","747.70","778.00","745.25","20.78M","3.64%"
"06-05-2021","740.80","745.00","753.70","735.60","11.93M","0.37%"
"05-05-2021","738.10","772.00","774.80","732.70","29.43M","-3.99%"
"04-05-2021","768.75","779.85","782.00","760.05","31.40M","0.97%"
"03-05-2021","761.40","727.65","764.00","713.75","25.95M","4.29%"
"30-04-2021","730.05","739.00","759.45","724.50","12.60M","-2.24%"
"29-04-2021","746.75","753.20","765.85","743.40","13.85M","0.07%"
"28-04-2021","746.25","755.00","760.00","741.10","11.16M","-0.39%"
"27-04-2021","749.15","735.00","757.50","727.35","20.57M","2.52%"
"26-04-2021","730.75","733.00","739.65","728.90","9.39M","0.74%"
"23-04-2021","725.35","736.45","746.90","720.10","18.44M","-1.69%"
"22-04-2021","737.80","689.50","744.90","689.50","26.84M","2.41%"
"20-04-2021","720.45","744.70","745.90","710.00","21.32M","-0.07%"
"19-04-2021","720.95","715.00","730.90","707.45","22.94M","-4.57%"
"16-04-2021","755.50","750.90","794.85","743.00","41.79M","0.69%"
"15-04-2021","750.35","735.90","754.50","725.00","26.11M","2.64%"
"13-04-2021","731.05","750.00","755.75","701.35","52.81M","-1.83%"
"12-04-2021","744.65","809.90","809.90","735.00","28.11M","-9.59%"
"09-04-2021","823.60","824.75","837.00","817.05","21.80M","0.07%"
"08-04-2021","823.00","818.00","838.00","806.00","34.03M","1.01%"
"07-04-2021","814.75","857.00","885.00","795.00","97.72M","-2.49%"
"06-04-2021","835.55","756.00","852.70","743.00","64.56M","12.57%"
"05-04-2021","742.25","731.75","745.00","715.00","15.62M","0.81%"
"01-04-2021","736.25","713.50","742.00","705.00","15.02M","4.82%"
"31-03-2021","702.40","705.00","719.90","698.60","7.75M","-1.15%"
"30-03-2021","710.55","703.05","718.00","697.30","9.11M","1.07%"